typo_word,correct_word,typo_type,mistake_position,edit_distance,word_length,typo_length,length_difference,same_first_letter,is_last_letter_error
hevlo,hello,replace_last_letter,last3,1,5,5,0,1,1
helo,hello,delete_last_letter,last3,1,5,4,1,1,1
heldo,hello,replace_last_letter,last2,1,5,5,0,1,1
hella,hello,replace_last_letter,last1,1,5,5,0,1,1
hell,hello,delete_last_letter,last1,1,5,4,1,1,1
helol,hello,swap_last_two_letters,last2,2,5,5,0,1,1
hellho,hello,insert_near_ending,last3,1,5,6,-1,1,1
helelo,hello,insert_near_ending,last3,1,5,6,-1,1,1
hello,hello,no_typo,none,0,5,5,0,1,0
woyld,world,replace_last_letter,last3,1,5,5,0,1,1
wold,world,delete_last_letter,last3,1,5,4,1,1,1
wordd,world,replace_last_letter,last2,1,5,5,0,1,1
word,world,delete_last_letter,last2,1,5,4,1,1,1
worlw,world,replace_last_letter,last1,1,5,5,0,1,1
worl,world,delete_last_letter,last1,1,5,4,1,1,1
wordl,world,swap_last_two_letters,last2,2,5,5,0,1,1
wosrld,world,insert_near_ending,last3,1,5,6,-1,1,1
worldb,world,insert_near_ending,last3,1,5,6,-1,1,1
world,world,no_typo,none,0,5,5,0,1,0
pytaon,python,replace_last_letter,last3,1,6,6,0,1,1
pyton,python,delete_last_letter,last3,1,6,5,1,1,1
pythcn,python,replace_last_letter,last2,1,6,6,0,1,1
pythn,python,delete_last_letter,last2,1,6,5,1,1,1
pythog,python,replace_last_letter,last1,1,6,6,0,1,1
pytho,python,delete_last_letter,last1,1,6,5,1,1,1
pythno,python,swap_last_two_letters,last2,2,6,6,0,1,1
pythqon,python,insert_near_ending,last3,1,6,7,-1,1,1
pytrhon,python,insert_near_ending,last3,1,6,7,-1,1,1
python,python,no_typo,none,0,6,6,0,1,0
machgne,machine,replace_last_letter,last3,1,7,7,0,1,1
machne,machine,delete_last_letter,last3,1,7,6,1,1,1
machixe,machine,replace_last_letter,last2,1,7,7,0,1,1
machie,machine,delete_last_letter,last2,1,7,6,1,1,1
machinv,machine,replace_last_letter,last1,1,7,7,0,1,1
machin,machine,delete_last_letter,last1,1,7,6,1,1,1
machien,machine,swap_last_two_letters,last2,2,7,7,0,1,1
machineh,machine,insert_near_ending,last3,1,7,8,-1,1,1
machines,machine,insert_near_ending,last3,1,7,8,-1,1,1
machine,machine,no_typo,none,0,7,7,0,1,0
learnjng,learning,replace_last_letter,last3,1,8,8,0,1,1
learnng,learning,delete_last_letter,last3,1,8,7,1,1,1
learniag,learning,replace_last_letter,last2,1,8,8,0,1,1
learnig,learning,delete_last_letter,last2,1,8,7,1,1,1
learninz,learning,replace_last_letter,last1,1,8,8,0,1,1
learnin,learning,delete_last_letter,last1,1,8,7,1,1,1
learnign,learning,swap_last_two_letters,last2,2,8,8,0,1,1
learniwng,learning,insert_near_ending,last3,1,8,9,-1,1,1
learningk,learning,insert_near_ending,last3,1,8,9,-1,1,1
learning,learning,no_typo,none,0,8,8,0,1,0
mojel,model,replace_last_letter,last3,1,5,5,0,1,1
moel,model,delete_last_letter,last3,1,5,4,1,1,1
modfl,model,replace_last_letter,last2,1,5,5,0,1,1
modl,model,delete_last_letter,last2,1,5,4,1,1,1
modeg,model,replace_last_letter,last1,1,5,5,0,1,1
mode,model,delete_last_letter,last1,1,5,4,1,1,1
modle,model,swap_last_two_letters,last2,2,5,5,0,1,1
modedl,model,insert_near_ending,last3,1,5,6,-1,1,1
momdel,model,insert_near_ending,last3,1,5,6,-1,1,1
model,model,no_typo,none,0,5,5,0,1,0
deta,data,replace_last_letter,last3,1,4,4,0,1,1
dta,data,delete_last_letter,last3,1,4,3,1,1,1
dala,data,replace_last_letter,last2,1,4,4,0,1,1
daa,data,delete_last_letter,last2,1,4,3,1,1,1
datm,data,replace_last_letter,last1,1,4,4,0,1,1
dat,data,delete_last_letter,last1,1,4,3,1,1,1
daat,data,swap_last_two_letters,last2,2,4,4,0,1,1
datza,data,insert_near_ending,last3,1,4,5,-1,1,1
dxata,data,insert_near_ending,last3,1,4,5,-1,1,1
data,data,no_typo,none,0,4,4,0,1,0
dataoet,dataset,replace_last_letter,last3,1,7,7,0,1,1
dataet,dataset,delete_last_letter,last3,1,7,6,1,1,1
datasst,dataset,replace_last_letter,last2,1,7,7,0,1,1
datast,dataset,delete_last_letter,last2,1,7,6,1,1,1
datased,dataset,replace_last_letter,last1,1,7,7,0,1,1
datase,dataset,delete_last_letter,last1,1,7,6,1,1,1
dataste,dataset,swap_last_two_letters,last2,2,7,7,0,1,1
datasetc,dataset,insert_near_ending,last3,1,7,8,-1,1,1
dataseut,dataset,insert_near_ending,last3,1,7,8,-1,1,1
dataset,dataset,no_typo,none,0,7,7,0,1,0
projuct,project,replace_last_letter,last3,1,7,7,0,1,1
projct,project,delete_last_letter,last3,1,7,6,1,1,1
projemt,project,replace_last_letter,last2,1,7,7,0,1,1
projet,project,delete_last_letter,last2,1,7,6,1,1,1
projecs,project,replace_last_letter,last1,1,7,7,0,1,1
projec,project,delete_last_letter,last1,1,7,6,1,1,1
projetc,project,swap_last_two_letters,last2,2,7,7,0,1,1
projewct,project,insert_near_ending,last3,1,7,8,-1,1,1
projbect,project,insert_near_ending,last3,1,7,8,-1,1,1
project,project,no_typo,none,0,7,7,0,1,0
studwnt,student,replace_last_letter,last3,1,7,7,0,1,1
studnt,student,delete_last_letter,last3,1,7,6,1,1,1
studeht,student,replace_last_letter,last2,1,7,7,0,1,1
studet,student,delete_last_letter,last2,1,7,6,1,1,1
studenz,student,replace_last_letter,last1,1,7,7,0,1,1
studen,student,delete_last_letter,last1,1,7,6,1,1,1
studetn,student,swap_last_two_letters,last2,2,7,7,0,1,1
studenct,student,insert_near_ending,last3,1,7,8,-1,1,1
studednt,student,insert_near_ending,last3,1,7,8,-1,1,1
student,student,no_typo,none,0,7,7,0,1,0
teacner,teacher,replace_last_letter,last3,1,7,7,0,1,1
teacer,teacher,delete_last_letter,last3,1,7,6,1,1,1
teachjr,teacher,replace_last_letter,last2,1,7,7,0,1,1
teachr,teacher,delete_last_letter,last2,1,7,6,1,1,1
teacheo,teacher,replace_last_letter,last1,1,7,7,0,1,1
teache,teacher,delete_last_letter,last1,1,7,6,1,1,1
teachre,teacher,swap_last_two_letters,last2,2,7,7,0,1,1
teachefr,teacher,insert_near_ending,last3,1,7,8,-1,1,1
teachelr,teacher,insert_near_ending,last3,1,7,8,-1,1,1
teacher,teacher,no_typo,none,0,7,7,0,1,0
schgol,school,replace_last_letter,last3,1,6,6,0,1,1
schol,school,delete_last_letter,last3,1,6,5,1,1,1
schowl,school,replace_last_letter,last2,1,6,6,0,1,1
schooi,school,replace_last_letter,last1,1,6,6,0,1,1
schoo,school,delete_last_letter,last1,1,6,5,1,1,1
scholo,school,swap_last_two_letters,last2,2,6,6,0,1,1
schtool,school,insert_near_ending,last3,1,6,7,-1,1,1
schorol,school,insert_near_ending,last3,1,6,7,-1,1,1
school,school,no_typo,none,0,6,6,0,1,0
universyty,university,replace_last_letter,last3,1,10,10,0,1,1
universty,university,delete_last_letter,last3,1,10,9,1,1,1
universihy,university,replace_last_letter,last2,1,10,10,0,1,1
universiy,university,delete_last_letter,last2,1,10,9,1,1,1
universitf,university,replace_last_letter,last1,1,10,10,0,1,1
universit,university,delete_last_letter,last1,1,10,9,1,1,1
universiyt,university,swap_last_two_letters,last2,2,10,10,0,1,1
universitym,university,insert_near_ending,last3,1,10,11,-1,1,1
universituy,university,insert_near_ending,last3,1,10,11,-1,1,1
university,university,no_typo,none,0,10,10,0,1,0
compuxer,computer,replace_last_letter,last3,1,8,8,0,1,1
compuer,computer,delete_last_letter,last3,1,8,7,1,1,1
computsr,computer,replace_last_letter,last2,1,8,8,0,1,1
computr,computer,delete_last_letter,last2,1,8,7,1,1,1
computeh,computer,replace_last_letter,last1,1,8,8,0,1,1
compute,computer,delete_last_letter,last1,1,8,7,1,1,1
computre,computer,swap_last_two_letters,last2,2,8,8,0,1,1
computeyr,computer,insert_near_ending,last3,1,8,9,-1,1,1
compuhter,computer,insert_near_ending,last3,1,8,9,-1,1,1
computer,computer,no_typo,none,0,8,8,0,1,0
sciebce,science,replace_last_letter,last3,1,7,7,0,1,1
sciece,science,delete_last_letter,last3,1,7,6,1,1,1
scienle,science,replace_last_letter,last2,1,7,7,0,1,1
sciene,science,delete_last_letter,last2,1,7,6,1,1,1
sciencn,science,replace_last_letter,last1,1,7,7,0,1,1
scienc,science,delete_last_letter,last1,1,7,6,1,1,1
scienec,science,swap_last_two_letters,last2,2,7,7,0,1,1
sciencce,science,insert_near_ending,last3,1,7,8,-1,1,1
sciensce,science,insert_near_ending,last3,1,7,8,-1,1,1
science,science,no_typo,none,0,7,7,0,1,0
messxge,message,replace_last_letter,last3,1,7,7,0,1,1
messge,message,delete_last_letter,last3,1,7,6,1,1,1
messale,message,replace_last_letter,last2,1,7,7,0,1,1
messae,message,delete_last_letter,last2,1,7,6,1,1,1
messagh,message,replace_last_letter,last1,1,7,7,0,1,1
messag,message,delete_last_letter,last1,1,7,6,1,1,1
messaeg,message,swap_last_two_letters,last2,2,7,7,0,1,1
messagem,message,insert_near_ending,last3,1,7,8,-1,1,1
messagee,message,insert_near_ending,last3,1,7,8,-1,1,1
message,message,no_typo,none,0,7,7,0,1,0
emjil,email,replace_last_letter,last3,1,5,5,0,1,1
emil,email,delete_last_letter,last3,1,5,4,1,1,1
emael,email,replace_last_letter,last2,1,5,5,0,1,1
emal,email,delete_last_letter,last2,1,5,4,1,1,1
emaih,email,replace_last_letter,last1,1,5,5,0,1,1
emai,email,delete_last_letter,last1,1,5,4,1,1,1
emali,email,swap_last_two_letters,last2,2,5,5,0,1,1
emaixl,email,insert_near_ending,last3,1,5,6,-1,1,1
emails,email,insert_near_ending,last3,1,5,6,-1,1,1
email,email,no_typo,none,0,5,5,0,1,0
phmne,phone,replace_last_letter,last3,1,5,5,0,1,1
phne,phone,delete_last_letter,last3,1,5,4,1,1,1
phole,phone,replace_last_letter,last2,1,5,5,0,1,1
phoe,phone,delete_last_letter,last2,1,5,4,1,1,1
phoni,phone,replace_last_letter,last1,1,5,5,0,1,1
phon,phone,delete_last_letter,last1,1,5,4,1,1,1
phoen,phone,swap_last_two_letters,last2,2,5,5,0,1,1
phoqne,phone,insert_near_ending,last3,1,5,6,-1,1,1
phonec,phone,insert_near_ending,last3,1,5,6,-1,1,1
phone,phone,no_typo,none,0,5,5,0,1,0
numzer,number,replace_last_letter,last3,1,6,6,0,1,1
numer,number,delete_last_letter,last3,1,6,5,1,1,1
numbbr,number,replace_last_letter,last2,1,6,6,0,1,1
numbr,number,delete_last_letter,last2,1,6,5,1,1,1
numbed,number,replace_last_letter,last1,1,6,6,0,1,1
numbe,number,delete_last_letter,last1,1,6,5,1,1,1
numbre,number,swap_last_two_letters,last2,2,6,6,0,1,1
numbuer,number,insert_near_ending,last3,1,6,7,-1,1,1
numbzer,number,insert_near_ending,last3,1,6,7,-1,1,1
number,number,no_typo,none,0,6,6,0,1,0
friwnd,friend,replace_last_letter,last3,1,6,6,0,1,1
frind,friend,delete_last_letter,last3,1,6,5,1,1,1
frieod,friend,replace_last_letter,last2,1,6,6,0,1,1
fried,friend,delete_last_letter,last2,1,6,5,1,1,1
frienu,friend,replace_last_letter,last1,1,6,6,0,1,1
frien,friend,delete_last_letter,last1,1,6,5,1,1,1
friedn,friend,swap_last_two_letters,last2,2,6,6,0,1,1
frimend,friend,insert_near_ending,last3,1,6,7,-1,1,1
friendt,friend,insert_near_ending,last3,1,6,7,-1,1,1
friend,friend,no_typo,none,0,6,6,0,1,0
famply,family,replace_last_letter,last3,1,6,6,0,1,1
famly,family,delete_last_letter,last3,1,6,5,1,1,1
famiry,family,replace_last_letter,last2,1,6,6,0,1,1
famiy,family,delete_last_letter,last2,1,6,5,1,1,1
famili,family,replace_last_letter,last1,1,6,6,0,1,1
famil,family,delete_last_letter,last1,1,6,5,1,1,1
famiyl,family,swap_last_two_letters,last2,2,6,6,0,1,1
famvily,family,insert_near_ending,last3,1,6,7,-1,1,1
family,family,no_typo,none,0,6,6,0,1,0
horse,house,replace_last_letter,last3,1,5,5,0,1,1
hose,house,delete_last_letter,last3,1,5,4,1,1,1
houze,house,replace_last_letter,last2,1,5,5,0,1,1
houe,house,delete_last_letter,last2,1,5,4,1,1,1
housj,house,replace_last_letter,last1,1,5,5,0,1,1
hous,house,delete_last_letter,last1,1,5,4,1,1,1
houes,house,swap_last_two_letters,last2,2,5,5,0,1,1
housde,house,insert_near_ending,last3,1,5,6,-1,1,1
housne,house,insert_near_ending,last3,1,5,6,-1,1,1
house,house,no_typo,none,0,5,5,0,1,0
mofey,money,replace_last_letter,last3,1,5,5,0,1,1
moey,money,delete_last_letter,last3,1,5,4,1,1,1
monpy,money,replace_last_letter,last2,1,5,5,0,1,1
mony,money,delete_last_letter,last2,1,5,4,1,1,1
monea,money,replace_last_letter,last1,1,5,5,0,1,1
mone,money,delete_last_letter,last1,1,5,4,1,1,1
monye,money,swap_last_two_letters,last2,2,5,5,0,1,1
moneqy,money,insert_near_ending,last3,1,5,6,-1,1,1
monqey,money,insert_near_ending,last3,1,5,6,-1,1,1
money,money,no_typo,none,0,5,5,0,1,0
creeit,credit,replace_last_letter,last3,1,6,6,0,1,1
creit,credit,delete_last_letter,last3,1,6,5,1,1,1
credvt,credit,replace_last_letter,last2,1,6,6,0,1,1
credt,credit,delete_last_letter,last2,1,6,5,1,1,1
credij,credit,replace_last_letter,last1,1,6,6,0,1,1
credi,credit,delete_last_letter,last1,1,6,5,1,1,1
credti,credit,swap_last_two_letters,last2,2,6,6,0,1,1
credeit,credit,insert_near_ending,last3,1,6,7,-1,1,1
crediyt,credit,insert_near_ending,last3,1,6,7,-1,1,1
credit,credit,no_typo,none,0,6,6,0,1,0
reffnd,refund,replace_last_letter,last3,1,6,6,0,1,1
refnd,refund,delete_last_letter,last3,1,6,5,1,1,1
refusd,refund,replace_last_letter,last2,1,6,6,0,1,1
refud,refund,delete_last_letter,last2,1,6,5,1,1,1
refunz,refund,replace_last_letter,last1,1,6,6,0,1,1
refun,refund,delete_last_letter,last1,1,6,5,1,1,1
refudn,refund,swap_last_two_letters,last2,2,6,6,0,1,1
reftund,refund,insert_near_ending,last3,1,6,7,-1,1,1
refunpd,refund,insert_near_ending,last3,1,6,7,-1,1,1
refund,refund,no_typo,none,0,6,6,0,1,0
paymant,payment,replace_last_letter,last3,1,7,7,0,1,1
paymnt,payment,delete_last_letter,last3,1,7,6,1,1,1
paymedt,payment,replace_last_letter,last2,1,7,7,0,1,1
paymet,payment,delete_last_letter,last2,1,7,6,1,1,1
paymenl,payment,replace_last_letter,last1,1,7,7,0,1,1
paymen,payment,delete_last_letter,last1,1,7,6,1,1,1
paymetn,payment,swap_last_two_letters,last2,2,7,7,0,1,1
paymenht,payment,insert_near_ending,last3,1,7,8,-1,1,1
paymhent,payment,insert_near_ending,last3,1,7,8,-1,1,1
payment,payment,no_typo,none,0,7,7,0,1,0
accosnt,account,replace_last_letter,last3,1,7,7,0,1,1
accont,account,delete_last_letter,last3,1,7,6,1,1,1
accouct,account,replace_last_letter,last2,1,7,7,0,1,1
accout,account,delete_last_letter,last2,1,7,6,1,1,1
accounc,account,replace_last_letter,last1,1,7,7,0,1,1
accoun,account,delete_last_letter,last1,1,7,6,1,1,1
accoutn,account,swap_last_two_letters,last2,2,7,7,0,1,1
accountc,account,insert_near_ending,last3,1,7,8,-1,1,1
accouent,account,insert_near_ending,last3,1,7,8,-1,1,1
account,account,no_typo,none,0,7,7,0,1,0
passwwrd,password,replace_last_letter,last3,1,8,8,0,1,1
passwrd,password,delete_last_letter,last3,1,8,7,1,1,1
passwopd,password,replace_last_letter,last2,1,8,8,0,1,1
passwod,password,delete_last_letter,last2,1,8,7,1,1,1
passwors,password,replace_last_letter,last1,1,8,8,0,1,1
passwor,password,delete_last_letter,last1,1,8,7,1,1,1
passwodr,password,swap_last_two_letters,last2,2,8,8,0,1,1
passwoird,password,insert_near_ending,last3,1,8,9,-1,1,1
passwordg,password,insert_near_ending,last3,1,8,9,-1,1,1
password,password,no_typo,none,0,8,8,0,1,0
weatser,weather,replace_last_letter,last3,1,7,7,0,1,1
weater,weather,delete_last_letter,last3,1,7,6,1,1,1
weathzr,weather,replace_last_letter,last2,1,7,7,0,1,1
weathr,weather,delete_last_letter,last2,1,7,6,1,1,1
weathey,weather,replace_last_letter,last1,1,7,7,0,1,1
weathe,weather,delete_last_letter,last1,1,7,6,1,1,1
weathre,weather,swap_last_two_letters,last2,2,7,7,0,1,1
weathwer,weather,insert_near_ending,last3,1,7,8,-1,1,1
weathemr,weather,insert_near_ending,last3,1,7,8,-1,1,1
weather,weather,no_typo,none,0,7,7,0,1,0
muwic,music,replace_last_letter,last3,1,5,5,0,1,1
muic,music,delete_last_letter,last3,1,5,4,1,1,1
musvc,music,replace_last_letter,last2,1,5,5,0,1,1
musc,music,delete_last_letter,last2,1,5,4,1,1,1
musim,music,replace_last_letter,last1,1,5,5,0,1,1
musi,music,delete_last_letter,last1,1,5,4,1,1,1
musci,music,swap_last_two_letters,last2,2,5,5,0,1,1
musicq,music,insert_near_ending,last3,1,5,6,-1,1,1
musicd,music,insert_near_ending,last3,1,5,6,-1,1,1
music,music,no_typo,none,0,5,5,0,1,0
mohie,movie,replace_last_letter,last3,1,5,5,0,1,1
moie,movie,delete_last_letter,last3,1,5,4,1,1,1
movhe,movie,replace_last_letter,last2,1,5,5,0,1,1
move,movie,delete_last_letter,last2,1,5,4,1,1,1
movic,movie,replace_last_letter,last1,1,5,5,0,1,1
movi,movie,delete_last_letter,last1,1,5,4,1,1,1
movei,movie,swap_last_two_letters,last2,2,5,5,0,1,1
moviae,movie,insert_near_ending,last3,1,5,6,-1,1,1
movsie,movie,insert_near_ending,last3,1,5,6,-1,1,1
movie,movie,no_typo,none,0,5,5,0,1,0
bhok,book,replace_last_letter,last3,1,4,4,0,1,1
bok,book,delete_last_letter,last3,1,4,3,1,1,1
boak,book,replace_last_letter,last2,1,4,4,0,1,1
booc,book,replace_last_letter,last1,1,4,4,0,1,1
boo,book,delete_last_letter,last1,1,4,3,1,1,1
boko,book,swap_last_two_letters,last2,2,4,4,0,1,1
bhook,book,insert_near_ending,last3,1,4,5,-1,1,1
bbook,book,insert_near_ending,last3,1,4,5,-1,1,1
book,book,no_typo,none,0,4,4,0,1,0
langulge,language,replace_last_letter,last3,1,8,8,0,1,1
languge,language,delete_last_letter,last3,1,8,7,1,1,1
languace,language,replace_last_letter,last2,1,8,8,0,1,1
languae,language,delete_last_letter,last2,1,8,7,1,1,1
languagr,language,replace_last_letter,last1,1,8,8,0,1,1
languag,language,delete_last_letter,last1,1,8,7,1,1,1
languaeg,language,swap_last_two_letters,last2,2,8,8,0,1,1
languaige,language,insert_near_ending,last3,1,8,9,-1,1,1
languageg,language,insert_near_ending,last3,1,8,9,-1,1,1
language,language,no_typo,none,0,8,8,0,1,0
englssh,english,replace_last_letter,last3,1,7,7,0,1,1
englsh,english,delete_last_letter,last3,1,7,6,1,1,1
englieh,english,replace_last_letter,last2,1,7,7,0,1,1
englih,english,delete_last_letter,last2,1,7,6,1,1,1
englisy,english,replace_last_letter,last1,1,7,7,0,1,1
englis,english,delete_last_letter,last1,1,7,6,1,1,1
englihs,english,swap_last_two_letters,last2,2,7,7,0,1,1
englishh,english,insert_near_ending,last3,1,7,8,-1,1,1
englishz,english,insert_near_ending,last3,1,7,8,-1,1,1
english,english,no_typo,none,0,7,7,0,1,0
mornong,morning,replace_last_letter,last3,1,7,7,0,1,1
mornng,morning,delete_last_letter,last3,1,7,6,1,1,1
mornigg,morning,replace_last_letter,last2,1,7,7,0,1,1
mornig,morning,delete_last_letter,last2,1,7,6,1,1,1
mornind,morning,replace_last_letter,last1,1,7,7,0,1,1
mornin,morning,delete_last_letter,last1,1,7,6,1,1,1
mornign,morning,swap_last_two_letters,last2,2,7,7,0,1,1
mornving,morning,insert_near_ending,last3,1,7,8,-1,1,1
morningl,morning,insert_near_ending,last3,1,7,8,-1,1,1
morning,morning,no_typo,none,0,7,7,0,1,0
evenong,evening,replace_last_letter,last3,1,7,7,0,1,1
evenng,evening,delete_last_letter,last3,1,7,6,1,1,1
eveniog,evening,replace_last_letter,last2,1,7,7,0,1,1
evenig,evening,delete_last_letter,last2,1,7,6,1,1,1
eveninp,evening,replace_last_letter,last1,1,7,7,0,1,1
evenin,evening,delete_last_letter,last1,1,7,6,1,1,1
evenign,evening,swap_last_two_letters,last2,2,7,7,0,1,1
evenving,evening,insert_near_ending,last3,1,7,8,-1,1,1
evenbing,evening,insert_near_ending,last3,1,7,8,-1,1,1
evening,evening,no_typo,none,0,7,7,0,1,0
ninht,night,replace_last_letter,last3,1,5,5,0,1,1
niht,night,delete_last_letter,last3,1,5,4,1,1,1
nigyt,night,replace_last_letter,last2,1,5,5,0,1,1
nigt,night,delete_last_letter,last2,1,5,4,1,1,1
nighk,night,replace_last_letter,last1,1,5,5,0,1,1
nigh,night,delete_last_letter,last1,1,5,4,1,1,1
nigth,night,swap_last_two_letters,last2,2,5,5,0,1,1
nihght,night,insert_near_ending,last3,1,5,6,-1,1,1
nigght,night,insert_near_ending,last3,1,5,6,-1,1,1
night,night,no_typo,none,0,5,5,0,1,0
tosay,today,replace_last_letter,last3,1,5,5,0,1,1
toay,today,delete_last_letter,last3,1,5,4,1,1,1
todpy,today,replace_last_letter,last2,1,5,5,0,1,1
tody,today,delete_last_letter,last2,1,5,4,1,1,1
todae,today,replace_last_letter,last1,1,5,5,0,1,1
toda,today,delete_last_letter,last1,1,5,4,1,1,1
todya,today,swap_last_two_letters,last2,2,5,5,0,1,1
todayf,today,insert_near_ending,last3,1,5,6,-1,1,1
todaoy,today,insert_near_ending,last3,1,5,6,-1,1,1
today,today,no_typo,none,0,5,5,0,1,0
tomorhow,tomorrow,replace_last_letter,last3,1,8,8,0,1,1
tomorow,tomorrow,delete_last_letter,last3,1,8,7,1,1,1
tomorrcw,tomorrow,replace_last_letter,last2,1,8,8,0,1,1
tomorrw,tomorrow,delete_last_letter,last2,1,8,7,1,1,1
tomorroo,tomorrow,replace_last_letter,last1,1,8,8,0,1,1
tomorro,tomorrow,delete_last_letter,last1,1,8,7,1,1,1
tomorrwo,tomorrow,swap_last_two_letters,last2,2,8,8,0,1,1
tomorbrow,tomorrow,insert_near_ending,last3,1,8,9,-1,1,1
tomorcrow,tomorrow,insert_near_ending,last3,1,8,9,-1,1,1
tomorrow,tomorrow,no_typo,none,0,8,8,0,1,0
yesterzay,yesterday,replace_last_letter,last3,1,9,9,0,1,1
yesteray,yesterday,delete_last_letter,last3,1,9,8,1,1,1
yesterdiy,yesterday,replace_last_letter,last2,1,9,9,0,1,1
yesterdy,yesterday,delete_last_letter,last2,1,9,8,1,1,1
yesterdaf,yesterday,replace_last_letter,last1,1,9,9,0,1,1
yesterda,yesterday,delete_last_letter,last1,1,9,8,1,1,1
yesterdya,yesterday,swap_last_two_letters,last2,2,9,9,0,1,1
yesterdayp,yesterday,insert_near_ending,last3,1,9,10,-1,1,1
yesterdayg,yesterday,insert_near_ending,last3,1,9,10,-1,1,1
yesterday,yesterday,no_typo,none,0,9,9,0,1,0
importnnt,important,replace_last_letter,last3,1,9,9,0,1,1
importnt,important,delete_last_letter,last3,1,9,8,1,1,1
importabt,important,replace_last_letter,last2,1,9,9,0,1,1
importat,important,delete_last_letter,last2,1,9,8,1,1,1
importanf,important,replace_last_letter,last1,1,9,9,0,1,1
importan,important,delete_last_letter,last1,1,9,8,1,1,1
importatn,important,swap_last_two_letters,last2,2,9,9,0,1,1
importanta,important,insert_near_ending,last3,1,9,10,-1,1,1
importanti,important,insert_near_ending,last3,1,9,10,-1,1,1
important,important,no_typo,none,0,9,9,0,1,0
simole,simple,replace_last_letter,last3,1,6,6,0,1,1
simle,simple,delete_last_letter,last3,1,6,5,1,1,1
simpje,simple,replace_last_letter,last2,1,6,6,0,1,1
simpe,simple,delete_last_letter,last2,1,6,5,1,1,1
simplo,simple,replace_last_letter,last1,1,6,6,0,1,1
simpl,simple,delete_last_letter,last1,1,6,5,1,1,1
simpel,simple,swap_last_two_letters,last2,2,6,6,0,1,1
simplee,simple,insert_near_ending,last3,1,6,7,-1,1,1
simpjle,simple,insert_near_ending,last3,1,6,7,-1,1,1
simple,simple,no_typo,none,0,6,6,0,1,0
examgle,example,replace_last_letter,last3,1,7,7,0,1,1
examle,example,delete_last_letter,last3,1,7,6,1,1,1
exampbe,example,replace_last_letter,last2,1,7,7,0,1,1
exampe,example,delete_last_letter,last2,1,7,6,1,1,1
examplt,example,replace_last_letter,last1,1,7,7,0,1,1
exampl,example,delete_last_letter,last1,1,7,6,1,1,1
exampel,example,swap_last_two_letters,last2,2,7,7,0,1,1
examxple,example,insert_near_ending,last3,1,7,8,-1,1,1
examplbe,example,insert_near_ending,last3,1,7,8,-1,1,1
example,example,no_typo,none,0,7,7,0,1,0
corrbct,correct,replace_last_letter,last3,1,7,7,0,1,1
corrct,correct,delete_last_letter,last3,1,7,6,1,1,1
corrett,correct,replace_last_letter,last2,1,7,7,0,1,1
corret,correct,delete_last_letter,last2,1,7,6,1,1,1
correcp,correct,replace_last_letter,last1,1,7,7,0,1,1
correc,correct,delete_last_letter,last1,1,7,6,1,1,1
corretc,correct,swap_last_two_letters,last2,2,7,7,0,1,1
correbct,correct,insert_near_ending,last3,1,7,8,-1,1,1
corrfect,correct,insert_near_ending,last3,1,7,8,-1,1,1
correct,correct,no_typo,none,0,7,7,0,1,0
mistdke,mistake,replace_last_letter,last3,1,7,7,0,1,1
mistke,mistake,delete_last_letter,last3,1,7,6,1,1,1
mistaue,mistake,replace_last_letter,last2,1,7,7,0,1,1
mistae,mistake,delete_last_letter,last2,1,7,6,1,1,1
mistakc,mistake,replace_last_letter,last1,1,7,7,0,1,1
mistak,mistake,delete_last_letter,last1,1,7,6,1,1,1
mistaek,mistake,swap_last_two_letters,last2,2,7,7,0,1,1
mistamke,mistake,insert_near_ending,last3,1,7,8,-1,1,1
mistsake,mistake,insert_near_ending,last3,1,7,8,-1,1,1
mistake,mistake,no_typo,none,0,7,7,0,1,0
erhor,error,replace_last_letter,last3,1,5,5,0,1,1
eror,error,delete_last_letter,last3,1,5,4,1,1,1
errtr,error,replace_last_letter,last2,1,5,5,0,1,1
errr,error,delete_last_letter,last2,1,5,4,1,1,1
errou,error,replace_last_letter,last1,1,5,5,0,1,1
erro,error,delete_last_letter,last1,1,5,4,1,1,1
errro,error,swap_last_two_letters,last2,2,5,5,0,1,1
ertror,error,insert_near_ending,last3,1,5,6,-1,1,1
ernror,error,insert_near_ending,last3,1,5,6,-1,1,1
error,error,no_typo,none,0,5,5,0,1,0
functwon,function,replace_last_letter,last3,1,8,8,0,1,1
functon,function,delete_last_letter,last3,1,8,7,1,1,1
functitn,function,replace_last_letter,last2,1,8,8,0,1,1
functin,function,delete_last_letter,last2,1,8,7,1,1,1
functiot,function,replace_last_letter,last1,1,8,8,0,1,1
functio,function,delete_last_letter,last1,1,8,7,1,1,1
functino,function,swap_last_two_letters,last2,2,8,8,0,1,1
functioin,function,insert_near_ending,last3,1,8,9,-1,1,1
functivon,function,insert_near_ending,last3,1,8,9,-1,1,1
function,function,no_typo,none,0,8,8,0,1,0
variaxle,variable,replace_last_letter,last3,1,8,8,0,1,1
variale,variable,delete_last_letter,last3,1,8,7,1,1,1
variabke,variable,replace_last_letter,last2,1,8,8,0,1,1
variabe,variable,delete_last_letter,last2,1,8,7,1,1,1
variabli,variable,replace_last_letter,last1,1,8,8,0,1,1
variabl,variable,delete_last_letter,last1,1,8,7,1,1,1
variabel,variable,swap_last_two_letters,last2,2,8,8,0,1,1
variablme,variable,insert_near_ending,last3,1,8,9,-1,1,1
variabvle,variable,insert_near_ending,last3,1,8,9,-1,1,1
variable,variable,no_typo,none,0,8,8,0,1,0
progvam,program,replace_last_letter,last3,1,7,7,0,1,1
progam,program,delete_last_letter,last3,1,7,6,1,1,1
progrkm,program,replace_last_letter,last2,1,7,7,0,1,1
progrm,program,delete_last_letter,last2,1,7,6,1,1,1
prograp,program,replace_last_letter,last1,1,7,7,0,1,1
progra,program,delete_last_letter,last1,1,7,6,1,1,1
progrma,program,swap_last_two_letters,last2,2,7,7,0,1,1
prograym,program,insert_near_ending,last3,1,7,8,-1,1,1
progaram,program,insert_near_ending,last3,1,7,8,-1,1,1
program,program,no_typo,none,0,7,7,0,1,0
algoriohm,algorithm,replace_last_letter,last3,1,9,9,0,1,1
algorihm,algorithm,delete_last_letter,last3,1,9,8,1,1,1
algoritum,algorithm,replace_last_letter,last2,1,9,9,0,1,1
algoritm,algorithm,delete_last_letter,last2,1,9,8,1,1,1
algoritht,algorithm,replace_last_letter,last1,1,9,9,0,1,1
algorith,algorithm,delete_last_letter,last1,1,9,8,1,1,1
algoritmh,algorithm,swap_last_two_letters,last2,2,9,9,0,1,1
algoricthm,algorithm,insert_near_ending,last3,1,9,10,-1,1,1
algoritqhm,algorithm,insert_near_ending,last3,1,9,10,-1,1,1
algorithm,algorithm,no_typo,none,0,9,9,0,1,0
keybojrd,keyboard,replace_last_letter,last3,1,8,8,0,1,1
keybord,keyboard,delete_last_letter,last3,1,8,7,1,1,1
keyboaed,keyboard,replace_last_letter,last2,1,8,8,0,1,1
keyboad,keyboard,delete_last_letter,last2,1,8,7,1,1,1
keyboarm,keyboard,replace_last_letter,last1,1,8,8,0,1,1
keyboar,keyboard,delete_last_letter,last1,1,8,7,1,1,1
keyboadr,keyboard,swap_last_two_letters,last2,2,8,8,0,1,1
keybohard,keyboard,insert_near_ending,last3,1,8,9,-1,1,1
keyboarjd,keyboard,insert_near_ending,last3,1,8,9,-1,1,1
keyboard,keyboard,no_typo,none,0,8,8,0,1,0
typfng,typing,replace_last_letter,last3,1,6,6,0,1,1
typng,typing,delete_last_letter,last3,1,6,5,1,1,1
typipg,typing,replace_last_letter,last2,1,6,6,0,1,1
typig,typing,delete_last_letter,last2,1,6,5,1,1,1
typins,typing,replace_last_letter,last1,1,6,6,0,1,1
typin,typing,delete_last_letter,last1,1,6,5,1,1,1
typign,typing,swap_last_two_letters,last2,2,6,6,0,1,1
typintg,typing,insert_near_ending,last3,1,6,7,-1,1,1
typving,typing,insert_near_ending,last3,1,6,7,-1,1,1
typing,typing,no_typo,none,0,6,6,0,1,0
sentesce,sentence,replace_last_letter,last3,1,8,8,0,1,1
sentece,sentence,delete_last_letter,last3,1,8,7,1,1,1
sentenke,sentence,replace_last_letter,last2,1,8,8,0,1,1
sentene,sentence,delete_last_letter,last2,1,8,7,1,1,1
sentencw,sentence,replace_last_letter,last1,1,8,8,0,1,1
sentenc,sentence,delete_last_letter,last1,1,8,7,1,1,1
sentenec,sentence,swap_last_two_letters,last2,2,8,8,0,1,1
senteence,sentence,insert_near_ending,last3,1,8,9,-1,1,1
sentencde,sentence,insert_near_ending,last3,1,8,9,-1,1,1
sentence,sentence,no_typo,none,0,8,8,0,1,0
wdrd,word,replace_last_letter,last3,1,4,4,0,1,1
wrd,word,delete_last_letter,last3,1,4,3,1,1,1
woyd,word,replace_last_letter,last2,1,4,4,0,1,1
wod,word,delete_last_letter,last2,1,4,3,1,1,1
wors,word,replace_last_letter,last1,1,4,4,0,1,1
wor,word,delete_last_letter,last1,1,4,3,1,1,1
wodr,word,swap_last_two_letters,last2,2,4,4,0,1,1
woird,word,insert_near_ending,last3,1,4,5,-1,1,1
wortd,word,insert_near_ending,last3,1,4,5,-1,1,1
word,word,no_typo,none,0,4,4,0,1,0
thxt,text,replace_last_letter,last3,1,4,4,0,1,1
txt,text,delete_last_letter,last3,1,4,3,1,1,1
tewt,text,replace_last_letter,last2,1,4,4,0,1,1
tet,text,delete_last_letter,last2,1,4,3,1,1,1
texk,text,replace_last_letter,last1,1,4,4,0,1,1
tex,text,delete_last_letter,last1,1,4,3,1,1,1
tetx,text,swap_last_two_letters,last2,2,4,4,0,1,1
tevxt,text,insert_near_ending,last3,1,4,5,-1,1,1
texqt,text,insert_near_ending,last3,1,4,5,-1,1,1
text,text,no_typo,none,0,4,4,0,1,0
inqut,input,replace_last_letter,last3,1,5,5,0,1,1
inut,input,delete_last_letter,last3,1,5,4,1,1,1
inpit,input,replace_last_letter,last2,1,5,5,0,1,1
inpt,input,delete_last_letter,last2,1,5,4,1,1,1
inpub,input,replace_last_letter,last1,1,5,5,0,1,1
inpu,input,delete_last_letter,last1,1,5,4,1,1,1
inptu,input,swap_last_two_letters,last2,2,5,5,0,1,1
inuput,input,insert_near_ending,last3,1,5,6,-1,1,1
inputi,input,insert_near_ending,last3,1,5,6,-1,1,1
input,input,no_typo,none,0,5,5,0,1,0
outbut,output,replace_last_letter,last3,1,6,6,0,1,1
outut,output,delete_last_letter,last3,1,6,5,1,1,1
outpat,output,replace_last_letter,last2,1,6,6,0,1,1
outpt,output,delete_last_letter,last2,1,6,5,1,1,1
outpuk,output,replace_last_letter,last1,1,6,6,0,1,1
outpu,output,delete_last_letter,last1,1,6,5,1,1,1
outptu,output,swap_last_two_letters,last2,2,6,6,0,1,1
outpuut,output,insert_near_ending,last3,1,6,7,-1,1,1
outpuft,output,insert_near_ending,last3,1,6,7,-1,1,1
output,output,no_typo,none,0,6,6,0,1,0
predictyon,prediction,replace_last_letter,last3,1,10,10,0,1,1
predicton,prediction,delete_last_letter,last3,1,10,9,1,1,1
predictipn,prediction,replace_last_letter,last2,1,10,10,0,1,1
predictin,prediction,delete_last_letter,last2,1,10,9,1,1,1
predictios,prediction,replace_last_letter,last1,1,10,10,0,1,1
predictio,prediction,delete_last_letter,last1,1,10,9,1,1,1
predictino,prediction,swap_last_two_letters,last2,2,10,10,0,1,1
predictionr,prediction,insert_near_ending,last3,1,10,11,-1,1,1
predictdion,prediction,insert_near_ending,last3,1,10,11,-1,1,1
prediction,prediction,no_typo,none,0,10,10,0,1,0
accurdcy,accuracy,replace_last_letter,last3,1,8,8,0,1,1
accurcy,accuracy,delete_last_letter,last3,1,8,7,1,1,1
accuraxy,accuracy,replace_last_letter,last2,1,8,8,0,1,1
accuray,accuracy,delete_last_letter,last2,1,8,7,1,1,1
accurace,accuracy,replace_last_letter,last1,1,8,8,0,1,1
accurac,accuracy,delete_last_letter,last1,1,8,7,1,1,1
accurayc,accuracy,swap_last_two_letters,last2,2,8,8,0,1,1
accurlacy,accuracy,insert_near_ending,last3,1,8,9,-1,1,1
accurancy,accuracy,insert_near_ending,last3,1,8,9,-1,1,1
accuracy,accuracy,no_typo,none,0,8,8,0,1,0
traineng,training,replace_last_letter,last3,1,8,8,0,1,1
trainng,training,delete_last_letter,last3,1,8,7,1,1,1
trainibg,training,replace_last_letter,last2,1,8,8,0,1,1
trainig,training,delete_last_letter,last2,1,8,7,1,1,1
trainink,training,replace_last_letter,last1,1,8,8,0,1,1
trainin,training,delete_last_letter,last1,1,8,7,1,1,1
trainign,training,swap_last_two_letters,last2,2,8,8,0,1,1
traininzg,training,insert_near_ending,last3,1,8,9,-1,1,1
trainling,training,insert_near_ending,last3,1,8,9,-1,1,1
training,training,no_typo,none,0,8,8,0,1,0
testgng,testing,replace_last_letter,last3,1,7,7,0,1,1
testng,testing,delete_last_letter,last3,1,7,6,1,1,1
testiwg,testing,replace_last_letter,last2,1,7,7,0,1,1
testig,testing,delete_last_letter,last2,1,7,6,1,1,1
testini,testing,replace_last_letter,last1,1,7,7,0,1,1
testin,testing,delete_last_letter,last1,1,7,6,1,1,1
testign,testing,swap_last_two_letters,last2,2,7,7,0,1,1
testling,testing,insert_near_ending,last3,1,7,8,-1,1,1
testingt,testing,insert_near_ending,last3,1,7,8,-1,1,1
testing,testing,no_typo,none,0,7,7,0,1,0
featyre,feature,replace_last_letter,last3,1,7,7,0,1,1
featre,feature,delete_last_letter,last3,1,7,6,1,1,1
featuee,feature,replace_last_letter,last2,1,7,7,0,1,1
featue,feature,delete_last_letter,last2,1,7,6,1,1,1
featuri,feature,replace_last_letter,last1,1,7,7,0,1,1
featur,feature,delete_last_letter,last1,1,7,6,1,1,1
featuer,feature,swap_last_two_letters,last2,2,7,7,0,1,1
featuzre,feature,insert_near_ending,last3,1,7,8,-1,1,1
featunre,feature,insert_near_ending,last3,1,7,8,-1,1,1
feature,feature,no_typo,none,0,7,7,0,1,0
taraet,target,replace_last_letter,last3,1,6,6,0,1,1
taret,target,delete_last_letter,last3,1,6,5,1,1,1
targgt,target,replace_last_letter,last2,1,6,6,0,1,1
targt,target,delete_last_letter,last2,1,6,5,1,1,1
targey,target,replace_last_letter,last1,1,6,6,0,1,1
targe,target,delete_last_letter,last1,1,6,5,1,1,1
targte,target,swap_last_two_letters,last2,2,6,6,0,1,1
targezt,target,insert_near_ending,last3,1,6,7,-1,1,1
targetz,target,insert_near_ending,last3,1,6,7,-1,1,1
target,target,no_typo,none,0,6,6,0,1,0
classificatwon,classification,replace_last_letter,last3,1,14,14,0,1,1
classificaton,classification,delete_last_letter,last3,1,14,13,1,1,1
classificatiyn,classification,replace_last_letter,last2,1,14,14,0,1,1
classificatin,classification,delete_last_letter,last2,1,14,13,1,1,1
classificatioh,classification,replace_last_letter,last1,1,14,14,0,1,1
classificatio,classification,delete_last_letter,last1,1,14,13,1,1,1
classificatino,classification,swap_last_two_letters,last2,2,14,14,0,1,1
classificatiofn,classification,insert_near_ending,last3,1,14,15,-1,1,1
classificatmion,classification,insert_near_ending,last3,1,14,15,-1,1,1
classification,classification,no_typo,none,0,14,14,0,1,0
regressbon,regression,replace_last_letter,last3,1,10,10,0,1,1
regresson,regression,delete_last_letter,last3,1,10,9,1,1,1
regressiqn,regression,replace_last_letter,last2,1,10,10,0,1,1
regressin,regression,delete_last_letter,last2,1,10,9,1,1,1
regressioh,regression,replace_last_letter,last1,1,10,10,0,1,1
regressio,regression,delete_last_letter,last1,1,10,9,1,1,1
regressino,regression,swap_last_two_letters,last2,2,10,10,0,1,1
regressioon,regression,insert_near_ending,last3,1,10,11,-1,1,1
regressiojn,regression,insert_near_ending,last3,1,10,11,-1,1,1
regression,regression,no_typo,none,0,10,10,0,1,0
raniom,random,replace_last_letter,last3,1,6,6,0,1,1
ranom,random,delete_last_letter,last3,1,6,5,1,1,1
randhm,random,replace_last_letter,last2,1,6,6,0,1,1
randm,random,delete_last_letter,last2,1,6,5,1,1,1
randoa,random,replace_last_letter,last1,1,6,6,0,1,1
rando,random,delete_last_letter,last1,1,6,5,1,1,1
randmo,random,swap_last_two_letters,last2,2,6,6,0,1,1
randmom,random,insert_near_ending,last3,1,6,7,-1,1,1
randoim,random,insert_near_ending,last3,1,6,7,-1,1,1
random,random,no_typo,none,0,6,6,0,1,0
forcst,forest,replace_last_letter,last3,1,6,6,0,1,1
forst,forest,delete_last_letter,last3,1,6,5,1,1,1
forezt,forest,replace_last_letter,last2,1,6,6,0,1,1
foret,forest,delete_last_letter,last2,1,6,5,1,1,1
foresi,forest,replace_last_letter,last1,1,6,6,0,1,1
fores,forest,delete_last_letter,last1,1,6,5,1,1,1
forets,forest,swap_last_two_letters,last2,2,6,6,0,1,1
foresut,forest,insert_near_ending,last3,1,6,7,-1,1,1
forestv,forest,insert_near_ending,last3,1,6,7,-1,1,1
forest,forest,no_typo,none,0,6,6,0,1,0
decisson,decision,replace_last_letter,last3,1,8,8,0,1,1
decison,decision,delete_last_letter,last3,1,8,7,1,1,1
decisikn,decision,replace_last_letter,last2,1,8,8,0,1,1
decisin,decision,delete_last_letter,last2,1,8,7,1,1,1
decisioa,decision,replace_last_letter,last1,1,8,8,0,1,1
decisio,decision,delete_last_letter,last1,1,8,7,1,1,1
decisino,decision,swap_last_two_letters,last2,2,8,8,0,1,1
decisiion,decision,insert_near_ending,last3,1,8,9,-1,1,1
decisison,decision,insert_near_ending,last3,1,8,9,-1,1,1
decision,decision,no_typo,none,0,8,8,0,1,0
tiee,tree,replace_last_letter,last3,1,4,4,0,1,1
tee,tree,delete_last_letter,last3,1,4,3,1,1,1
trbe,tree,replace_last_letter,last2,1,4,4,0,1,1
tre,tree,delete_last_letter,last2,1,4,3,1,1,1
tred,tree,replace_last_letter,last1,1,4,4,0,1,1
treel,tree,insert_near_ending,last3,1,4,5,-1,1,1
trene,tree,insert_near_ending,last3,1,4,5,-1,1,1
tree,tree,no_typo,none,0,4,4,0,1,0
restlt,result,replace_last_letter,last3,1,6,6,0,1,1
reslt,result,delete_last_letter,last3,1,6,5,1,1,1
resurt,result,replace_last_letter,last2,1,6,6,0,1,1
resut,result,delete_last_letter,last2,1,6,5,1,1,1
resuld,result,replace_last_letter,last1,1,6,6,0,1,1
resul,result,delete_last_letter,last1,1,6,5,1,1,1
resutl,result,swap_last_two_letters,last2,2,6,6,0,1,1
results,result,insert_near_ending,last3,1,6,7,-1,1,1
resuilt,result,insert_near_ending,last3,1,6,7,-1,1,1
result,result,no_typo,none,0,6,6,0,1,0
scbre,score,replace_last_letter,last3,1,5,5,0,1,1
scre,score,delete_last_letter,last3,1,5,4,1,1,1
scoxe,score,replace_last_letter,last2,1,5,5,0,1,1
scoe,score,delete_last_letter,last2,1,5,4,1,1,1
scoro,score,replace_last_letter,last1,1,5,5,0,1,1
scor,score,delete_last_letter,last1,1,5,4,1,1,1
scoer,score,swap_last_two_letters,last2,2,5,5,0,1,1
scqore,score,insert_near_ending,last3,1,5,6,-1,1,1
scolre,score,insert_near_ending,last3,1,5,6,-1,1,1
score,score,no_typo,none,0,5,5,0,1,0
custooer,customer,replace_last_letter,last3,1,8,8,0,1,1
custoer,customer,delete_last_letter,last3,1,8,7,1,1,1
customcr,customer,replace_last_letter,last2,1,8,8,0,1,1
customr,customer,delete_last_letter,last2,1,8,7,1,1,1
customew,customer,replace_last_letter,last1,1,8,8,0,1,1
custome,customer,delete_last_letter,last1,1,8,7,1,1,1
customre,customer,swap_last_two_letters,last2,2,8,8,0,1,1
custometr,customer,insert_near_ending,last3,1,8,9,-1,1,1
customevr,customer,insert_near_ending,last3,1,8,9,-1,1,1
customer,customer,no_typo,none,0,8,8,0,1,0
proddct,product,replace_last_letter,last3,1,7,7,0,1,1
prodct,product,delete_last_letter,last3,1,7,6,1,1,1
produyt,product,replace_last_letter,last2,1,7,7,0,1,1
produt,product,delete_last_letter,last2,1,7,6,1,1,1
producj,product,replace_last_letter,last1,1,7,7,0,1,1
produc,product,delete_last_letter,last1,1,7,6,1,1,1
produtc,product,swap_last_two_letters,last2,2,7,7,0,1,1
producvt,product,insert_near_ending,last3,1,7,8,-1,1,1
productk,product,insert_near_ending,last3,1,7,8,-1,1,1
product,product,no_typo,none,0,7,7,0,1,0
servnce,service,replace_last_letter,last3,1,7,7,0,1,1
servce,service,delete_last_letter,last3,1,7,6,1,1,1
servixe,service,replace_last_letter,last2,1,7,7,0,1,1
servie,service,delete_last_letter,last2,1,7,6,1,1,1
servick,service,replace_last_letter,last1,1,7,7,0,1,1
servic,service,delete_last_letter,last1,1,7,6,1,1,1
serviec,service,swap_last_two_letters,last2,2,7,7,0,1,1
servigce,service,insert_near_ending,last3,1,7,8,-1,1,1
servicev,service,insert_near_ending,last3,1,7,8,-1,1,1
service,service,no_typo,none,0,7,7,0,1,0
suppmrt,support,replace_last_letter,last3,1,7,7,0,1,1
supprt,support,delete_last_letter,last3,1,7,6,1,1,1
suppowt,support,replace_last_letter,last2,1,7,7,0,1,1
suppot,support,delete_last_letter,last2,1,7,6,1,1,1
suppory,support,replace_last_letter,last1,1,7,7,0,1,1
suppor,support,delete_last_letter,last1,1,7,6,1,1,1
suppotr,support,swap_last_two_letters,last2,2,7,7,0,1,1
suppotrt,support,insert_near_ending,last3,1,7,8,-1,1,1
suppormt,support,insert_near_ending,last3,1,7,8,-1,1,1
support,support,no_typo,none,0,7,7,0,1,0
ticset,ticket,replace_last_letter,last3,1,6,6,0,1,1
ticet,ticket,delete_last_letter,last3,1,6,5,1,1,1
tickat,ticket,replace_last_letter,last2,1,6,6,0,1,1
tickt,ticket,delete_last_letter,last2,1,6,5,1,1,1
tickej,ticket,replace_last_letter,last1,1,6,6,0,1,1
ticke,ticket,delete_last_letter,last1,1,6,5,1,1,1
tickte,ticket,swap_last_two_letters,last2,2,6,6,0,1,1
tickegt,ticket,insert_near_ending,last3,1,6,7,-1,1,1
ticketz,ticket,insert_near_ending,last3,1,6,7,-1,1,1
ticket,ticket,no_typo,none,0,6,6,0,1,0
probtem,problem,replace_last_letter,last3,1,7,7,0,1,1
probem,problem,delete_last_letter,last3,1,7,6,1,1,1
problum,problem,replace_last_letter,last2,1,7,7,0,1,1
problm,problem,delete_last_letter,last2,1,7,6,1,1,1
problev,problem,replace_last_letter,last1,1,7,7,0,1,1
proble,problem,delete_last_letter,last1,1,7,6,1,1,1
problme,problem,swap_last_two_letters,last2,2,7,7,0,1,1
probleom,problem,insert_near_ending,last3,1,7,8,-1,1,1
problemo,problem,insert_near_ending,last3,1,7,8,-1,1,1
problem,problem,no_typo,none,0,7,7,0,1,0
solutwon,solution,replace_last_letter,last3,1,8,8,0,1,1
soluton,solution,delete_last_letter,last3,1,8,7,1,1,1
solutign,solution,replace_last_letter,last2,1,8,8,0,1,1
solutin,solution,delete_last_letter,last2,1,8,7,1,1,1
solutior,solution,replace_last_letter,last1,1,8,8,0,1,1
solutio,solution,delete_last_letter,last1,1,8,7,1,1,1
solutino,solution,swap_last_two_letters,last2,2,8,8,0,1,1
solutionz,solution,insert_near_ending,last3,1,8,9,-1,1,1
solutivon,solution,insert_near_ending,last3,1,8,9,-1,1,1
solution,solution,no_typo,none,0,8,8,0,1,0
questcon,question,replace_last_letter,last3,1,8,8,0,1,1
queston,question,delete_last_letter,last3,1,8,7,1,1,1
questijn,question,replace_last_letter,last2,1,8,8,0,1,1
questin,question,delete_last_letter,last2,1,8,7,1,1,1
questior,question,replace_last_letter,last1,1,8,8,0,1,1
questio,question,delete_last_letter,last1,1,8,7,1,1,1
questino,question,swap_last_two_letters,last2,2,8,8,0,1,1
questiocn,question,insert_near_ending,last3,1,8,9,-1,1,1
questivon,question,insert_near_ending,last3,1,8,9,-1,1,1
question,question,no_typo,none,0,8,8,0,1,0
ansjer,answer,replace_last_letter,last3,1,6,6,0,1,1
anser,answer,delete_last_letter,last3,1,6,5,1,1,1
answir,answer,replace_last_letter,last2,1,6,6,0,1,1
answr,answer,delete_last_letter,last2,1,6,5,1,1,1
answeg,answer,replace_last_letter,last1,1,6,6,0,1,1
answe,answer,delete_last_letter,last1,1,6,5,1,1,1
answre,answer,swap_last_two_letters,last2,2,6,6,0,1,1
answaer,answer,insert_near_ending,last3,1,6,7,-1,1,1
anshwer,answer,insert_near_ending,last3,1,6,7,-1,1,1
answer,answer,no_typo,none,0,6,6,0,1,0
interqet,internet,replace_last_letter,last3,1,8,8,0,1,1
interet,internet,delete_last_letter,last3,1,8,7,1,1,1
internut,internet,replace_last_letter,last2,1,8,8,0,1,1
internt,internet,delete_last_letter,last2,1,8,7,1,1,1
internez,internet,replace_last_letter,last1,1,8,8,0,1,1
interne,internet,delete_last_letter,last1,1,8,7,1,1,1
internte,internet,swap_last_two_letters,last2,2,8,8,0,1,1
interonet,internet,insert_near_ending,last3,1,8,9,-1,1,1
internetu,internet,insert_near_ending,last3,1,8,9,-1,1,1
internet,internet,no_typo,none,0,8,8,0,1,0
webstte,website,replace_last_letter,last3,1,7,7,0,1,1
webste,website,delete_last_letter,last3,1,7,6,1,1,1
websige,website,replace_last_letter,last2,1,7,7,0,1,1
websie,website,delete_last_letter,last2,1,7,6,1,1,1
websitx,website,replace_last_letter,last1,1,7,7,0,1,1
websit,website,delete_last_letter,last1,1,7,6,1,1,1
websiet,website,swap_last_two_letters,last2,2,7,7,0,1,1
websitep,website,insert_near_ending,last3,1,7,8,-1,1,1
websiteh,website,insert_near_ending,last3,1,7,8,-1,1,1
website,website,no_typo,none,0,7,7,0,1,0
giteub,github,replace_last_letter,last3,1,6,6,0,1,1
gitub,github,delete_last_letter,last3,1,6,5,1,1,1
githvb,github,replace_last_letter,last2,1,6,6,0,1,1
githb,github,delete_last_letter,last2,1,6,5,1,1,1
githux,github,replace_last_letter,last1,1,6,6,0,1,1
githu,github,delete_last_letter,last1,1,6,5,1,1,1
githbu,github,swap_last_two_letters,last2,2,6,6,0,1,1
gityhub,github,insert_near_ending,last3,1,6,7,-1,1,1
github,github,no_typo,none,0,6,6,0,1,0
repositnry,repository,replace_last_letter,last3,1,10,10,0,1,1
repositry,repository,delete_last_letter,last3,1,10,9,1,1,1
repositohy,repository,replace_last_letter,last2,1,10,10,0,1,1
repositoy,repository,delete_last_letter,last2,1,10,9,1,1,1
repositorf,repository,replace_last_letter,last1,1,10,10,0,1,1
repositor,repository,delete_last_letter,last1,1,10,9,1,1,1
repositoyr,repository,swap_last_two_letters,last2,2,10,10,0,1,1
repositoryb,repository,insert_near_ending,last3,1,10,11,-1,1,1
repositodry,repository,insert_near_ending,last3,1,10,11,-1,1,1
repository,repository,no_typo,none,0,10,10,0,1,0
folper,folder,replace_last_letter,last3,1,6,6,0,1,1
foler,folder,delete_last_letter,last3,1,6,5,1,1,1
foldfr,folder,replace_last_letter,last2,1,6,6,0,1,1
foldr,folder,delete_last_letter,last2,1,6,5,1,1,1
foldeo,folder,replace_last_letter,last1,1,6,6,0,1,1
folde,folder,delete_last_letter,last1,1,6,5,1,1,1
foldre,folder,swap_last_two_letters,last2,2,6,6,0,1,1
foldeyr,folder,insert_near_ending,last3,1,6,7,-1,1,1
foldert,folder,insert_near_ending,last3,1,6,7,-1,1,1
folder,folder,no_typo,none,0,6,6,0,1,0
fyle,file,replace_last_letter,last3,1,4,4,0,1,1
fle,file,delete_last_letter,last3,1,4,3,1,1,1
fire,file,replace_last_letter,last2,1,4,4,0,1,1
fie,file,delete_last_letter,last2,1,4,3,1,1,1
filo,file,replace_last_letter,last1,1,4,4,0,1,1
fil,file,delete_last_letter,last1,1,4,3,1,1,1
fiel,file,swap_last_two_letters,last2,2,4,4,0,1,1
filef,file,insert_near_ending,last3,1,4,5,-1,1,1
fileo,file,insert_near_ending,last3,1,4,5,-1,1,1
file,file,no_typo,none,0,4,4,0,1,0
tajle,table,replace_last_letter,last3,1,5,5,0,1,1
tale,table,delete_last_letter,last3,1,5,4,1,1,1
tabze,table,replace_last_letter,last2,1,5,5,0,1,1
tabe,table,delete_last_letter,last2,1,5,4,1,1,1
tabli,table,replace_last_letter,last1,1,5,5,0,1,1
tabl,table,delete_last_letter,last1,1,5,4,1,1,1
tabel,table,swap_last_two_letters,last2,2,5,5,0,1,1
tablye,table,insert_near_ending,last3,1,5,6,-1,1,1
tableu,table,insert_near_ending,last3,1,5,6,-1,1,1
table,table,no_typo,none,0,5,5,0,1,0
picthre,picture,replace_last_letter,last3,1,7,7,0,1,1
pictre,picture,delete_last_letter,last3,1,7,6,1,1,1
pictuie,picture,replace_last_letter,last2,1,7,7,0,1,1
pictue,picture,delete_last_letter,last2,1,7,6,1,1,1
picturp,picture,replace_last_letter,last1,1,7,7,0,1,1
pictur,picture,delete_last_letter,last1,1,7,6,1,1,1
pictuer,picture,swap_last_two_letters,last2,2,7,7,0,1,1
pictwure,picture,insert_near_ending,last3,1,7,8,-1,1,1
picturhe,picture,insert_near_ending,last3,1,7,8,-1,1,1
picture,picture,no_typo,none,0,7,7,0,1,0
winjow,window,replace_last_letter,last3,1,6,6,0,1,1
winow,window,delete_last_letter,last3,1,6,5,1,1,1
windkw,window,replace_last_letter,last2,1,6,6,0,1,1
windw,window,delete_last_letter,last2,1,6,5,1,1,1
windok,window,replace_last_letter,last1,1,6,6,0,1,1
windo,window,delete_last_letter,last1,1,6,5,1,1,1
windwo,window,swap_last_two_letters,last2,2,6,6,0,1,1
winedow,window,insert_near_ending,last3,1,6,7,-1,1,1
windhow,window,insert_near_ending,last3,1,6,7,-1,1,1
window,window,no_typo,none,0,6,6,0,1,0
termimal,terminal,replace_last_letter,last3,1,8,8,0,1,1
termial,terminal,delete_last_letter,last3,1,8,7,1,1,1
terminxl,terminal,replace_last_letter,last2,1,8,8,0,1,1
terminl,terminal,delete_last_letter,last2,1,8,7,1,1,1
terminae,terminal,replace_last_letter,last1,1,8,8,0,1,1
termina,terminal,delete_last_letter,last1,1,8,7,1,1,1
terminla,terminal,swap_last_two_letters,last2,2,8,8,0,1,1
termincal,terminal,insert_near_ending,last3,1,8,9,-1,1,1
terminaln,terminal,insert_near_ending,last3,1,8,9,-1,1,1
terminal,terminal,no_typo,none,0,8,8,0,1,0
librlry,library,replace_last_letter,last3,1,7,7,0,1,1
librry,library,delete_last_letter,last3,1,7,6,1,1,1
librasy,library,replace_last_letter,last2,1,7,7,0,1,1
libray,library,delete_last_letter,last2,1,7,6,1,1,1
libraro,library,replace_last_letter,last1,1,7,7,0,1,1
librar,library,delete_last_letter,last1,1,7,6,1,1,1
librayr,library,swap_last_two_letters,last2,2,7,7,0,1,1
libraryb,library,insert_near_ending,last3,1,7,8,-1,1,1
libranry,library,insert_near_ending,last3,1,7,8,-1,1,1
library,library,no_typo,none,0,7,7,0,1,0
packnge,package,replace_last_letter,last3,1,7,7,0,1,1
packge,package,delete_last_letter,last3,1,7,6,1,1,1
packaze,package,replace_last_letter,last2,1,7,7,0,1,1
packae,package,delete_last_letter,last2,1,7,6,1,1,1
packagt,package,replace_last_letter,last1,1,7,7,0,1,1
packag,package,delete_last_letter,last1,1,7,6,1,1,1
packaeg,package,swap_last_two_letters,last2,2,7,7,0,1,1
packyage,package,insert_near_ending,last3,1,7,8,-1,1,1
packagep,package,insert_near_ending,last3,1,7,8,-1,1,1
package,package,no_typo,none,0,7,7,0,1,0
impart,import,replace_last_letter,last3,1,6,6,0,1,1
imprt,import,delete_last_letter,last3,1,6,5,1,1,1
impolt,import,replace_last_letter,last2,1,6,6,0,1,1
impot,import,delete_last_letter,last2,1,6,5,1,1,1
imporj,import,replace_last_letter,last1,1,6,6,0,1,1
impor,import,delete_last_letter,last1,1,6,5,1,1,1
impotr,import,swap_last_two_letters,last2,2,6,6,0,1,1
importn,import,insert_near_ending,last3,1,6,7,-1,1,1
impoprt,import,insert_near_ending,last3,1,6,7,-1,1,1
import,import,no_typo,none,0,6,6,0,1,0
exphrt,export,replace_last_letter,last3,1,6,6,0,1,1
exprt,export,delete_last_letter,last3,1,6,5,1,1,1
expoit,export,replace_last_letter,last2,1,6,6,0,1,1
expot,export,delete_last_letter,last2,1,6,5,1,1,1
exporn,export,replace_last_letter,last1,1,6,6,0,1,1
expor,export,delete_last_letter,last1,1,6,5,1,1,1
expotr,export,swap_last_two_letters,last2,2,6,6,0,1,1
exporta,export,insert_near_ending,last3,1,6,7,-1,1,1
exportk,export,insert_near_ending,last3,1,6,7,-1,1,1
export,export,no_typo,none,0,6,6,0,1,0
crewte,create,replace_last_letter,last3,1,6,6,0,1,1
crete,create,delete_last_letter,last3,1,6,5,1,1,1
creawe,create,replace_last_letter,last2,1,6,6,0,1,1
creae,create,delete_last_letter,last2,1,6,5,1,1,1
creatn,create,replace_last_letter,last1,1,6,6,0,1,1
creat,create,delete_last_letter,last1,1,6,5,1,1,1
creaet,create,swap_last_two_letters,last2,2,6,6,0,1,1
creaote,create,insert_near_ending,last3,1,6,7,-1,1,1
creatte,create,insert_near_ending,last3,1,6,7,-1,1,1
create,create,no_typo,none,0,6,6,0,1,0
delste,delete,replace_last_letter,last3,1,6,6,0,1,1
delte,delete,delete_last_letter,last3,1,6,5,1,1,1
deleae,delete,replace_last_letter,last2,1,6,6,0,1,1
delee,delete,delete_last_letter,last2,1,6,5,1,1,1
deletn,delete,replace_last_letter,last1,1,6,6,0,1,1
delet,delete,delete_last_letter,last1,1,6,5,1,1,1
deleet,delete,swap_last_two_letters,last2,2,6,6,0,1,1
delcete,delete,insert_near_ending,last3,1,6,7,-1,1,1
deletee,delete,insert_near_ending,last3,1,6,7,-1,1,1
delete,delete,no_typo,none,0,6,6,0,1,0
updpte,update,replace_last_letter,last3,1,6,6,0,1,1
updte,update,delete_last_letter,last3,1,6,5,1,1,1
updafe,update,replace_last_letter,last2,1,6,6,0,1,1
updae,update,delete_last_letter,last2,1,6,5,1,1,1
updatb,update,replace_last_letter,last1,1,6,6,0,1,1
updat,update,delete_last_letter,last1,1,6,5,1,1,1
updaet,update,swap_last_two_letters,last2,2,6,6,0,1,1
updatme,update,insert_near_ending,last3,1,6,7,-1,1,1
updatge,update,insert_near_ending,last3,1,6,7,-1,1,1
update,update,no_typo,none,0,6,6,0,1,0
seaoch,search,replace_last_letter,last3,1,6,6,0,1,1
seach,search,delete_last_letter,last3,1,6,5,1,1,1
searlh,search,replace_last_letter,last2,1,6,6,0,1,1
searh,search,delete_last_letter,last2,1,6,5,1,1,1
searcl,search,replace_last_letter,last1,1,6,6,0,1,1
searc,search,delete_last_letter,last1,1,6,5,1,1,1
searhc,search,swap_last_two_letters,last2,2,6,6,0,1,1
searchi,search,insert_near_ending,last3,1,6,7,-1,1,1
search,search,no_typo,none,0,6,6,0,1,0
predcct,predict,replace_last_letter,last3,1,7,7,0,1,1
predct,predict,delete_last_letter,last3,1,7,6,1,1,1
prediqt,predict,replace_last_letter,last2,1,7,7,0,1,1
predit,predict,delete_last_letter,last2,1,7,6,1,1,1
predica,predict,replace_last_letter,last1,1,7,7,0,1,1
predic,predict,delete_last_letter,last1,1,7,6,1,1,1
preditc,predict,swap_last_two_letters,last2,2,7,7,0,1,1
predlict,predict,insert_near_ending,last3,1,7,8,-1,1,1
prediuct,predict,insert_near_ending,last3,1,7,8,-1,1,1
predict,predict,no_typo,none,0,7,7,0,1,0
suggcst,suggest,replace_last_letter,last3,1,7,7,0,1,1
suggst,suggest,delete_last_letter,last3,1,7,6,1,1,1
suggezt,suggest,replace_last_letter,last2,1,7,7,0,1,1
sugget,suggest,delete_last_letter,last2,1,7,6,1,1,1
suggesv,suggest,replace_last_letter,last1,1,7,7,0,1,1
sugges,suggest,delete_last_letter,last1,1,7,6,1,1,1
suggets,suggest,swap_last_two_letters,last2,2,7,7,0,1,1
suggyest,suggest,insert_near_ending,last3,1,7,8,-1,1,1
sugghest,suggest,insert_near_ending,last3,1,7,8,-1,1,1
suggest,suggest,no_typo,none,0,7,7,0,1,0
replhce,replace,replace_last_letter,last3,1,7,7,0,1,1
replce,replace,delete_last_letter,last3,1,7,6,1,1,1
replaae,replace,replace_last_letter,last2,1,7,7,0,1,1
replae,replace,delete_last_letter,last2,1,7,6,1,1,1
replacu,replace,replace_last_letter,last1,1,7,7,0,1,1
replac,replace,delete_last_letter,last1,1,7,6,1,1,1
replaec,replace,swap_last_two_letters,last2,2,7,7,0,1,1
replahce,replace,insert_near_ending,last3,1,7,8,-1,1,1
replapce,replace,insert_near_ending,last3,1,7,8,-1,1,1
replace,replace,no_typo,none,0,7,7,0,1,0
remwve,remove,replace_last_letter,last3,1,6,6,0,1,1
remve,remove,delete_last_letter,last3,1,6,5,1,1,1
remode,remove,replace_last_letter,last2,1,6,6,0,1,1
remoe,remove,delete_last_letter,last2,1,6,5,1,1,1
removt,remove,replace_last_letter,last1,1,6,6,0,1,1
remov,remove,delete_last_letter,last1,1,6,5,1,1,1
remoev,remove,swap_last_two_letters,last2,2,6,6,0,1,1
remoove,remove,insert_near_ending,last3,1,6,7,-1,1,1
removye,remove,insert_near_ending,last3,1,6,7,-1,1,1
remove,remove,no_typo,none,0,6,6,0,1,0
insmrt,insert,replace_last_letter,last3,1,6,6,0,1,1
insrt,insert,delete_last_letter,last3,1,6,5,1,1,1
inseft,insert,replace_last_letter,last2,1,6,6,0,1,1
inset,insert,delete_last_letter,last2,1,6,5,1,1,1
inseru,insert,replace_last_letter,last1,1,6,6,0,1,1
inser,insert,delete_last_letter,last1,1,6,5,1,1,1
insetr,insert,swap_last_two_letters,last2,2,6,6,0,1,1
insyert,insert,insert_near_ending,last3,1,6,7,-1,1,1
insejrt,insert,insert_near_ending,last3,1,6,7,-1,1,1
insert,insert,no_typo,none,0,6,6,0,1,0
trein,train,replace_last_letter,last3,1,5,5,0,1,1
trin,train,delete_last_letter,last3,1,5,4,1,1,1
tratn,train,replace_last_letter,last2,1,5,5,0,1,1
tran,train,delete_last_letter,last2,1,5,4,1,1,1
traia,train,replace_last_letter,last1,1,5,5,0,1,1
trai,train,delete_last_letter,last1,1,5,4,1,1,1
trani,train,swap_last_two_letters,last2,2,5,5,0,1,1
traisn,train,insert_near_ending,last3,1,5,6,-1,1,1
trainm,train,insert_near_ending,last3,1,5,6,-1,1,1
train,train,no_typo,none,0,5,5,0,1,0
evaluxte,evaluate,replace_last_letter,last3,1,8,8,0,1,1
evalute,evaluate,delete_last_letter,last3,1,8,7,1,1,1
evaluage,evaluate,replace_last_letter,last2,1,8,8,0,1,1
evaluae,evaluate,delete_last_letter,last2,1,8,7,1,1,1
evaluatc,evaluate,replace_last_letter,last1,1,8,8,0,1,1
evaluat,evaluate,delete_last_letter,last1,1,8,7,1,1,1
evaluaet,evaluate,swap_last_two_letters,last2,2,8,8,0,1,1
evaluadte,evaluate,insert_near_ending,last3,1,8,9,-1,1,1
evaluatve,evaluate,insert_near_ending,last3,1,8,9,-1,1,1
evaluate,evaluate,no_typo,none,0,8,8,0,1,0
suve,save,replace_last_letter,last3,1,4,4,0,1,1
sve,save,delete_last_letter,last3,1,4,3,1,1,1
sade,save,replace_last_letter,last2,1,4,4,0,1,1
sae,save,delete_last_letter,last2,1,4,3,1,1,1
savt,save,replace_last_letter,last1,1,4,4,0,1,1
sav,save,delete_last_letter,last1,1,4,3,1,1,1
saev,save,swap_last_two_letters,last2,2,4,4,0,1,1
slave,save,insert_near_ending,last3,1,4,5,-1,1,1
savev,save,insert_near_ending,last3,1,4,5,-1,1,1
save,save,no_typo,none,0,4,4,0,1,0
llad,load,replace_last_letter,last3,1,4,4,0,1,1
lad,load,delete_last_letter,last3,1,4,3,1,1,1
lodd,load,replace_last_letter,last2,1,4,4,0,1,1
lod,load,delete_last_letter,last2,1,4,3,1,1,1
loar,load,replace_last_letter,last1,1,4,4,0,1,1
loa,load,delete_last_letter,last1,1,4,3,1,1,1
loda,load,swap_last_two_letters,last2,2,4,4,0,1,1
loaad,load,insert_near_ending,last3,1,4,5,-1,1,1
loadp,load,insert_near_ending,last3,1,4,5,-1,1,1
load,load,no_typo,none,0,4,4,0,1,0
prdnt,print,replace_last_letter,last3,1,5,5,0,1,1
prnt,print,delete_last_letter,last3,1,5,4,1,1,1
priot,print,replace_last_letter,last2,1,5,5,0,1,1
prit,print,delete_last_letter,last2,1,5,4,1,1,1
prinl,print,replace_last_letter,last1,1,5,5,0,1,1
prin,print,delete_last_letter,last1,1,5,4,1,1,1
pritn,print,swap_last_two_letters,last2,2,5,5,0,1,1
printw,print,insert_near_ending,last3,1,5,6,-1,1,1
prinnt,print,insert_near_ending,last3,1,5,6,-1,1,1
print,print,no_typo,none,0,5,5,0,1,0
dispfay,display,replace_last_letter,last3,1,7,7,0,1,1
dispay,display,delete_last_letter,last3,1,7,6,1,1,1
displyy,display,replace_last_letter,last2,1,7,7,0,1,1
disply,display,delete_last_letter,last2,1,7,6,1,1,1
displaq,display,replace_last_letter,last1,1,7,7,0,1,1
displa,display,delete_last_letter,last1,1,7,6,1,1,1
displya,display,swap_last_two_letters,last2,2,7,7,0,1,1
displaty,display,insert_near_ending,last3,1,7,8,-1,1,1
displayo,display,insert_near_ending,last3,1,7,8,-1,1,1
display,display,no_typo,none,0,7,7,0,1,0
chort,chart,replace_last_letter,last3,1,5,5,0,1,1
chrt,chart,delete_last_letter,last3,1,5,4,1,1,1
chayt,chart,replace_last_letter,last2,1,5,5,0,1,1
chat,chart,delete_last_letter,last2,1,5,4,1,1,1
chars,chart,replace_last_letter,last1,1,5,5,0,1,1
char,chart,delete_last_letter,last1,1,5,4,1,1,1
chatr,chart,swap_last_two_letters,last2,2,5,5,0,1,1
charkt,chart,insert_near_ending,last3,1,5,6,-1,1,1
chacrt,chart,insert_near_ending,last3,1,5,6,-1,1,1
chart,chart,no_typo,none,0,5,5,0,1,0
grjph,graph,replace_last_letter,last3,1,5,5,0,1,1
grph,graph,delete_last_letter,last3,1,5,4,1,1,1
graoh,graph,replace_last_letter,last2,1,5,5,0,1,1
grah,graph,delete_last_letter,last2,1,5,4,1,1,1
grapi,graph,replace_last_letter,last1,1,5,5,0,1,1
grap,graph,delete_last_letter,last1,1,5,4,1,1,1
grahp,graph,swap_last_two_letters,last2,2,5,5,0,1,1
graphs,graph,insert_near_ending,last3,1,5,6,-1,1,1
graphk,graph,insert_near_ending,last3,1,5,6,-1,1,1
graph,graph,no_typo,none,0,5,5,0,1,0
paot,plot,replace_last_letter,last3,1,4,4,0,1,1
pot,plot,delete_last_letter,last3,1,4,3,1,1,1
plqt,plot,replace_last_letter,last2,1,4,4,0,1,1
plt,plot,delete_last_letter,last2,1,4,3,1,1,1
plok,plot,replace_last_letter,last1,1,4,4,0,1,1
plo,plot,delete_last_letter,last1,1,4,3,1,1,1
plto,plot,swap_last_two_letters,last2,2,4,4,0,1,1
plpot,plot,insert_near_ending,last3,1,4,5,-1,1,1
pllot,plot,insert_near_ending,last3,1,4,5,-1,1,1
plot,plot,no_typo,none,0,4,4,0,1,0
histiry,history,replace_last_letter,last3,1,7,7,0,1,1
histry,history,delete_last_letter,last3,1,7,6,1,1,1
histoky,history,replace_last_letter,last2,1,7,7,0,1,1
histoy,history,delete_last_letter,last2,1,7,6,1,1,1
histori,history,replace_last_letter,last1,1,7,7,0,1,1
histor,history,delete_last_letter,last1,1,7,6,1,1,1
histoyr,history,swap_last_two_letters,last2,2,7,7,0,1,1
historry,history,insert_near_ending,last3,1,7,8,-1,1,1
histqory,history,insert_near_ending,last3,1,7,8,-1,1,1
history,history,no_typo,none,0,7,7,0,1,0
futgre,future,replace_last_letter,last3,1,6,6,0,1,1
futre,future,delete_last_letter,last3,1,6,5,1,1,1
futuce,future,replace_last_letter,last2,1,6,6,0,1,1
futue,future,delete_last_letter,last2,1,6,5,1,1,1
futuri,future,replace_last_letter,last1,1,6,6,0,1,1
futur,future,delete_last_letter,last1,1,6,5,1,1,1
futuer,future,swap_last_two_letters,last2,2,6,6,0,1,1
futurep,future,insert_near_ending,last3,1,6,7,-1,1,1
futuwre,future,insert_near_ending,last3,1,6,7,-1,1,1
future,future,no_typo,none,0,6,6,0,1,0
businqss,business,replace_last_letter,last3,1,8,8,0,1,1
businss,business,delete_last_letter,last3,1,8,7,1,1,1
businevs,business,replace_last_letter,last2,1,8,8,0,1,1
busines,business,delete_last_letter,last2,1,8,7,1,1,1
businesx,business,replace_last_letter,last1,1,8,8,0,1,1
businesso,business,insert_near_ending,last3,1,8,9,-1,1,1
busincess,business,insert_near_ending,last3,1,8,9,-1,1,1
business,business,no_typo,none,0,8,8,0,1,0
medikal,medical,replace_last_letter,last3,1,7,7,0,1,1
medial,medical,delete_last_letter,last3,1,7,6,1,1,1
medicil,medical,replace_last_letter,last2,1,7,7,0,1,1
medicl,medical,delete_last_letter,last2,1,7,6,1,1,1
medican,medical,replace_last_letter,last1,1,7,7,0,1,1
medica,medical,delete_last_letter,last1,1,7,6,1,1,1
medicla,medical,swap_last_two_letters,last2,2,7,7,0,1,1
medicjal,medical,insert_near_ending,last3,1,7,8,-1,1,1
medicapl,medical,insert_near_ending,last3,1,7,8,-1,1,1
medical,medical,no_typo,none,0,7,7,0,1,0
educatson,education,replace_last_letter,last3,1,9,9,0,1,1
educaton,education,delete_last_letter,last3,1,9,8,1,1,1
educatirn,education,replace_last_letter,last2,1,9,9,0,1,1
educatin,education,delete_last_letter,last2,1,9,8,1,1,1
educatiol,education,replace_last_letter,last1,1,9,9,0,1,1
educatio,education,delete_last_letter,last1,1,9,8,1,1,1
educatino,education,swap_last_two_letters,last2,2,9,9,0,1,1
educationx,education,insert_near_ending,last3,1,9,10,-1,1,1
educatioln,education,insert_near_ending,last3,1,9,10,-1,1,1
education,education,no_typo,none,0,9,9,0,1,0
traxel,travel,replace_last_letter,last3,1,6,6,0,1,1
trael,travel,delete_last_letter,last3,1,6,5,1,1,1
travpl,travel,replace_last_letter,last2,1,6,6,0,1,1
travl,travel,delete_last_letter,last2,1,6,5,1,1,1
travei,travel,replace_last_letter,last1,1,6,6,0,1,1
trave,travel,delete_last_letter,last1,1,6,5,1,1,1
travle,travel,swap_last_two_letters,last2,2,6,6,0,1,1
traveil,travel,insert_near_ending,last3,1,6,7,-1,1,1
travdel,travel,insert_near_ending,last3,1,6,7,-1,1,1
travel,travel,no_typo,none,0,6,6,0,1,0
shoppyng,shopping,replace_last_letter,last3,1,8,8,0,1,1
shoppng,shopping,delete_last_letter,last3,1,8,7,1,1,1
shoppigg,shopping,replace_last_letter,last2,1,8,8,0,1,1
shoppig,shopping,delete_last_letter,last2,1,8,7,1,1,1
shoppinl,shopping,replace_last_letter,last1,1,8,8,0,1,1
shoppin,shopping,delete_last_letter,last1,1,8,7,1,1,1
shoppign,shopping,swap_last_two_letters,last2,2,8,8,0,1,1
shoppxing,shopping,insert_near_ending,last3,1,8,9,-1,1,1
shoppigng,shopping,insert_near_ending,last3,1,8,9,-1,1,1
shopping,shopping,no_typo,none,0,8,8,0,1,0
emergegcy,emergency,replace_last_letter,last3,1,9,9,0,1,1
emergecy,emergency,delete_last_letter,last3,1,9,8,1,1,1
emergenyy,emergency,replace_last_letter,last2,1,9,9,0,1,1
emergeny,emergency,delete_last_letter,last2,1,9,8,1,1,1
emergencp,emergency,replace_last_letter,last1,1,9,9,0,1,1
emergenc,emergency,delete_last_letter,last1,1,9,8,1,1,1
emergenyc,emergency,swap_last_two_letters,last2,2,9,9,0,1,1
emergencxy,emergency,insert_near_ending,last3,1,9,10,-1,1,1
emergencdy,emergency,insert_near_ending,last3,1,9,10,-1,1,1
emergency,emergency,no_typo,none,0,9,9,0,1,0
incgme,income,replace_last_letter,last3,1,6,6,0,1,1
incme,income,delete_last_letter,last3,1,6,5,1,1,1
incoje,income,replace_last_letter,last2,1,6,6,0,1,1
incoe,income,delete_last_letter,last2,1,6,5,1,1,1
incomi,income,replace_last_letter,last1,1,6,6,0,1,1
incom,income,delete_last_letter,last1,1,6,5,1,1,1
incoem,income,swap_last_two_letters,last2,2,6,6,0,1,1
incomfe,income,insert_near_ending,last3,1,6,7,-1,1,1
incomae,income,insert_near_ending,last3,1,6,7,-1,1,1
income,income,no_typo,none,0,6,6,0,1,0
xge,age,replace_last_letter,last3,1,3,3,0,0,1
ge,age,delete_last_letter,last3,1,3,2,1,0,1
ase,age,replace_last_letter,last2,1,3,3,0,1,1
ae,age,delete_last_letter,last2,1,3,2,1,1,1
agf,age,replace_last_letter,last1,1,3,3,0,1,1
ag,age,delete_last_letter,last1,1,3,2,1,1,1
aeg,age,swap_last_two_letters,last2,2,3,3,0,1,1
agbe,age,insert_near_ending,last3,1,3,4,-1,1,1
rage,age,insert_near_ending,last3,1,3,4,-1,0,1
age,age,no_typo,none,0,3,3,0,1,0
amojnt,amount,replace_last_letter,last3,1,6,6,0,1,1
amont,amount,delete_last_letter,last3,1,6,5,1,1,1
amouxt,amount,replace_last_letter,last2,1,6,6,0,1,1
amout,amount,delete_last_letter,last2,1,6,5,1,1,1
amoune,amount,replace_last_letter,last1,1,6,6,0,1,1
amoun,amount,delete_last_letter,last1,1,6,5,1,1,1
amoutn,amount,swap_last_two_letters,last2,2,6,6,0,1,1
amountd,amount,insert_near_ending,last3,1,6,7,-1,1,1
amosunt,amount,insert_near_ending,last3,1,6,7,-1,1,1
amount,amount,no_typo,none,0,6,6,0,1,0
stajus,status,replace_last_letter,last3,1,6,6,0,1,1
staus,status,delete_last_letter,last3,1,6,5,1,1,1
statps,status,replace_last_letter,last2,1,6,6,0,1,1
stats,status,delete_last_letter,last2,1,6,5,1,1,1
statup,status,replace_last_letter,last1,1,6,6,0,1,1
statu,status,delete_last_letter,last1,1,6,5,1,1,1
statsu,status,swap_last_two_letters,last2,2,6,6,0,1,1
statusk,status,insert_near_ending,last3,1,6,7,-1,1,1
statbus,status,insert_near_ending,last3,1,6,7,-1,1,1
status,status,no_typo,none,0,6,6,0,1,0
purpise,purpose,replace_last_letter,last3,1,7,7,0,1,1
purpse,purpose,delete_last_letter,last3,1,7,6,1,1,1
purpope,purpose,replace_last_letter,last2,1,7,7,0,1,1
purpoe,purpose,delete_last_letter,last2,1,7,6,1,1,1
purposd,purpose,replace_last_letter,last1,1,7,7,0,1,1
purpos,purpose,delete_last_letter,last1,1,7,6,1,1,1
purpoes,purpose,swap_last_two_letters,last2,2,7,7,0,1,1
purpmose,purpose,insert_near_ending,last3,1,7,8,-1,1,1
purposec,purpose,insert_near_ending,last3,1,7,8,-1,1,1
purpose,purpose,no_typo,none,0,7,7,0,1,0
mettod,method,replace_last_letter,last3,1,6,6,0,1,1
metod,method,delete_last_letter,last3,1,6,5,1,1,1
methvd,method,replace_last_letter,last2,1,6,6,0,1,1
methd,method,delete_last_letter,last2,1,6,5,1,1,1
methow,method,replace_last_letter,last1,1,6,6,0,1,1
metho,method,delete_last_letter,last1,1,6,5,1,1,1
methdo,method,swap_last_two_letters,last2,2,6,6,0,1,1
metehod,method,insert_near_ending,last3,1,6,7,-1,1,1
methzod,method,insert_near_ending,last3,1,6,7,-1,1,1
method,method,no_typo,none,0,6,6,0,1,0
categtry,category,replace_last_letter,last3,1,8,8,0,1,1
categry,category,delete_last_letter,last3,1,8,7,1,1,1
categojy,category,replace_last_letter,last2,1,8,8,0,1,1
categoy,category,delete_last_letter,last2,1,8,7,1,1,1
categorc,category,replace_last_letter,last1,1,8,8,0,1,1
categor,category,delete_last_letter,last1,1,8,7,1,1,1
categoyr,category,swap_last_two_letters,last2,2,8,8,0,1,1
categodry,category,insert_near_ending,last3,1,8,9,-1,1,1
categoryt,category,insert_near_ending,last3,1,8,9,-1,1,1
category,category,no_typo,none,0,8,8,0,1,0
cuty,city,replace_last_letter,last3,1,4,4,0,1,1
cty,city,delete_last_letter,last3,1,4,3,1,1,1
ciuy,city,replace_last_letter,last2,1,4,4,0,1,1
ciy,city,delete_last_letter,last2,1,4,3,1,1,1
cith,city,replace_last_letter,last1,1,4,4,0,1,1
cit,city,delete_last_letter,last1,1,4,3,1,1,1
ciyt,city,swap_last_two_letters,last2,2,4,4,0,1,1
cityo,city,insert_near_ending,last3,1,4,5,-1,1,1
cityj,city,insert_near_ending,last3,1,4,5,-1,1,1
city,city,no_typo,none,0,4,4,0,1,0
counsry,country,replace_last_letter,last3,1,7,7,0,1,1
counry,country,delete_last_letter,last3,1,7,6,1,1,1
countny,country,replace_last_letter,last2,1,7,7,0,1,1
county,country,delete_last_letter,last2,1,7,6,1,1,1
countrj,country,replace_last_letter,last1,1,7,7,0,1,1
countr,country,delete_last_letter,last1,1,7,6,1,1,1
countyr,country,swap_last_two_letters,last2,2,7,7,0,1,1
counttry,country,insert_near_ending,last3,1,7,8,-1,1,1
counytry,country,insert_near_ending,last3,1,7,8,-1,1,1
country,country,no_typo,none,0,7,7,0,1,0
addrhss,address,replace_last_letter,last3,1,7,7,0,1,1
addrss,address,delete_last_letter,last3,1,7,6,1,1,1
addrevs,address,replace_last_letter,last2,1,7,7,0,1,1
addres,address,delete_last_letter,last2,1,7,6,1,1,1
addresg,address,replace_last_letter,last1,1,7,7,0,1,1
addresvs,address,insert_near_ending,last3,1,7,8,-1,1,1
addrfess,address,insert_near_ending,last3,1,7,8,-1,1,1
address,address,no_typo,none,0,7,7,0,1,0
striet,street,replace_last_letter,last3,1,6,6,0,1,1
stret,street,delete_last_letter,last3,1,6,5,1,1,1
stregt,street,replace_last_letter,last2,1,6,6,0,1,1
streer,street,replace_last_letter,last1,1,6,6,0,1,1
stree,street,delete_last_letter,last1,1,6,5,1,1,1
strete,street,swap_last_two_letters,last2,2,6,6,0,1,1
strfeet,street,insert_near_ending,last3,1,6,7,-1,1,1
strneet,street,insert_near_ending,last3,1,6,7,-1,1,1
street,street,no_typo,none,0,6,6,0,1,0
marpet,market,replace_last_letter,last3,1,6,6,0,1,1
maret,market,delete_last_letter,last3,1,6,5,1,1,1
markxt,market,replace_last_letter,last2,1,6,6,0,1,1
markt,market,delete_last_letter,last2,1,6,5,1,1,1
markeu,market,replace_last_letter,last1,1,6,6,0,1,1
marke,market,delete_last_letter,last1,1,6,5,1,1,1
markte,market,swap_last_two_letters,last2,2,6,6,0,1,1
marketj,market,insert_near_ending,last3,1,6,7,-1,1,1
marhket,market,insert_near_ending,last3,1,6,7,-1,1,1
market,market,no_typo,none,0,6,6,0,1,0
prkce,price,replace_last_letter,last3,1,5,5,0,1,1
prce,price,delete_last_letter,last3,1,5,4,1,1,1
prixe,price,replace_last_letter,last2,1,5,5,0,1,1
prie,price,delete_last_letter,last2,1,5,4,1,1,1
prick,price,replace_last_letter,last1,1,5,5,0,1,1
pric,price,delete_last_letter,last1,1,5,4,1,1,1
priec,price,swap_last_two_letters,last2,2,5,5,0,1,1
pricec,price,insert_near_ending,last3,1,5,6,-1,1,1
priice,price,insert_near_ending,last3,1,5,6,-1,1,1
price,price,no_typo,none,0,5,5,0,1,0
qualvty,quality,replace_last_letter,last3,1,7,7,0,1,1
qualty,quality,delete_last_letter,last3,1,7,6,1,1,1
qualisy,quality,replace_last_letter,last2,1,7,7,0,1,1
qualiy,quality,delete_last_letter,last2,1,7,6,1,1,1
qualitv,quality,replace_last_letter,last1,1,7,7,0,1,1
qualit,quality,delete_last_letter,last1,1,7,6,1,1,1
qualiyt,quality,swap_last_two_letters,last2,2,7,7,0,1,1
qualinty,quality,insert_near_ending,last3,1,7,8,-1,1,1
qualrity,quality,insert_near_ending,last3,1,7,8,-1,1,1
quality,quality,no_typo,none,0,7,7,0,1,0
revhew,review,replace_last_letter,last3,1,6,6,0,1,1
revew,review,delete_last_letter,last3,1,6,5,1,1,1
revivw,review,replace_last_letter,last2,1,6,6,0,1,1
reviw,review,delete_last_letter,last2,1,6,5,1,1,1
reviee,review,replace_last_letter,last1,1,6,6,0,1,1
revie,review,delete_last_letter,last1,1,6,5,1,1,1
reviwe,review,swap_last_two_letters,last2,2,6,6,0,1,1
revieew,review,insert_near_ending,last3,1,6,7,-1,1,1
revbiew,review,insert_near_ending,last3,1,6,7,-1,1,1
review,review,no_typo,none,0,6,6,0,1,0
orger,order,replace_last_letter,last3,1,5,5,0,1,1
orer,order,delete_last_letter,last3,1,5,4,1,1,1
ordkr,order,replace_last_letter,last2,1,5,5,0,1,1
ordr,order,delete_last_letter,last2,1,5,4,1,1,1
ordeu,order,replace_last_letter,last1,1,5,5,0,1,1
orde,order,delete_last_letter,last1,1,5,4,1,1,1
ordre,order,swap_last_two_letters,last2,2,5,5,0,1,1
ordeor,order,insert_near_ending,last3,1,5,6,-1,1,1
oroder,order,insert_near_ending,last3,1,5,6,-1,1,1
order,order,no_typo,none,0,5,5,0,1,0
delivxry,delivery,replace_last_letter,last3,1,8,8,0,1,1
delivry,delivery,delete_last_letter,last3,1,8,7,1,1,1
delivejy,delivery,replace_last_letter,last2,1,8,8,0,1,1
delivey,delivery,delete_last_letter,last2,1,8,7,1,1,1
deliverw,delivery,replace_last_letter,last1,1,8,8,0,1,1
deliver,delivery,delete_last_letter,last1,1,8,7,1,1,1
deliveyr,delivery,swap_last_two_letters,last2,2,8,8,0,1,1
deliveryi,delivery,insert_near_ending,last3,1,8,9,-1,1,1
deliveryo,delivery,insert_near_ending,last3,1,8,9,-1,1,1
delivery,delivery,no_typo,none,0,8,8,0,1,0
beauticul,beautiful,replace_last_letter,last3,1,9,9,0,1,1
beautiul,beautiful,delete_last_letter,last3,1,9,8,1,1,1
beautiftl,beautiful,replace_last_letter,last2,1,9,9,0,1,1
beautifl,beautiful,delete_last_letter,last2,1,9,8,1,1,1
beautifub,beautiful,replace_last_letter,last1,1,9,9,0,1,1
beautifu,beautiful,delete_last_letter,last1,1,9,8,1,1,1
beautiflu,beautiful,swap_last_two_letters,last2,2,9,9,0,1,1
beautifulx,beautiful,insert_near_ending,last3,1,9,10,-1,1,1
beautifutl,beautiful,insert_near_ending,last3,1,9,10,-1,1,1
beautiful,beautiful,no_typo,none,0,9,9,0,1,0
becaise,because,replace_last_letter,last3,1,7,7,0,1,1
becase,because,delete_last_letter,last3,1,7,6,1,1,1
becauae,because,replace_last_letter,last2,1,7,7,0,1,1
becaue,because,delete_last_letter,last2,1,7,6,1,1,1
becausc,because,replace_last_letter,last1,1,7,7,0,1,1
becaus,because,delete_last_letter,last1,1,7,6,1,1,1
becaues,because,swap_last_two_letters,last2,2,7,7,0,1,1
becauvse,because,insert_near_ending,last3,1,7,8,-1,1,1
becayuse,because,insert_near_ending,last3,1,7,8,-1,1,1
because,because,no_typo,none,0,7,7,0,1,0
recewve,receive,replace_last_letter,last3,1,7,7,0,1,1
receve,receive,delete_last_letter,last3,1,7,6,1,1,1
receiie,receive,replace_last_letter,last2,1,7,7,0,1,1
receie,receive,delete_last_letter,last2,1,7,6,1,1,1
receivt,receive,replace_last_letter,last1,1,7,7,0,1,1
receiv,receive,delete_last_letter,last1,1,7,6,1,1,1
receiev,receive,swap_last_two_letters,last2,2,7,7,0,1,1
receyive,receive,insert_near_ending,last3,1,7,8,-1,1,1
receipve,receive,insert_near_ending,last3,1,7,8,-1,1,1
receive,receive,no_typo,none,0,7,7,0,1,0
belirve,believe,replace_last_letter,last3,1,7,7,0,1,1
belive,believe,delete_last_letter,last3,1,7,6,1,1,1
belieue,believe,replace_last_letter,last2,1,7,7,0,1,1
beliee,believe,delete_last_letter,last2,1,7,6,1,1,1
believp,believe,replace_last_letter,last1,1,7,7,0,1,1
believ,believe,delete_last_letter,last1,1,7,6,1,1,1
belieev,believe,swap_last_two_letters,last2,2,7,7,0,1,1
believfe,believe,insert_near_ending,last3,1,7,8,-1,1,1
believeu,believe,insert_near_ending,last3,1,7,8,-1,1,1
believe,believe,no_typo,none,0,7,7,0,1,0
differqnt,different,replace_last_letter,last3,1,9,9,0,1,1
differnt,different,delete_last_letter,last3,1,9,8,1,1,1
differect,different,replace_last_letter,last2,1,9,9,0,1,1
differet,different,delete_last_letter,last2,1,9,8,1,1,1
differenp,different,replace_last_letter,last1,1,9,9,0,1,1
differen,different,delete_last_letter,last1,1,9,8,1,1,1
differetn,different,swap_last_two_letters,last2,2,9,9,0,1,1
differennt,different,insert_near_ending,last3,1,9,10,-1,1,1
differenkt,different,insert_near_ending,last3,1,9,10,-1,1,1
different,different,no_typo,none,0,9,9,0,1,0
necesswry,necessary,replace_last_letter,last3,1,9,9,0,1,1
necessry,necessary,delete_last_letter,last3,1,9,8,1,1,1
necessady,necessary,replace_last_letter,last2,1,9,9,0,1,1
necessay,necessary,delete_last_letter,last2,1,9,8,1,1,1
necessarf,necessary,replace_last_letter,last1,1,9,9,0,1,1
necessar,necessary,delete_last_letter,last1,1,9,8,1,1,1
necessayr,necessary,swap_last_two_letters,last2,2,9,9,0,1,1
necessarny,necessary,insert_near_ending,last3,1,9,10,-1,1,1
necessaryj,necessary,insert_near_ending,last3,1,9,10,-1,1,1
necessary,necessary,no_typo,none,0,9,9,0,1,0
availawle,available,replace_last_letter,last3,1,9,9,0,1,1
availale,available,delete_last_letter,last3,1,9,8,1,1,1
availabne,available,replace_last_letter,last2,1,9,9,0,1,1
availabe,available,delete_last_letter,last2,1,9,8,1,1,1
availablz,available,replace_last_letter,last1,1,9,9,0,1,1
availabl,available,delete_last_letter,last1,1,9,8,1,1,1
availabel,available,swap_last_two_letters,last2,2,9,9,0,1,1
availaoble,available,insert_near_ending,last3,1,9,10,-1,1,1
availakble,available,insert_near_ending,last3,1,9,10,-1,1,1
available,available,no_typo,none,0,9,9,0,1,0
businjss,business,replace_last_letter,last3,1,8,8,0,1,1
busineks,business,replace_last_letter,last2,1,8,8,0,1,1
businesd,business,replace_last_letter,last1,1,8,8,0,1,1
businessq,business,insert_near_ending,last3,1,8,9,-1,1,1
businvess,business,insert_near_ending,last3,1,8,9,-1,1,1
calensar,calendar,replace_last_letter,last3,1,8,8,0,1,1
calenar,calendar,delete_last_letter,last3,1,8,7,1,1,1
calendpr,calendar,replace_last_letter,last2,1,8,8,0,1,1
calendr,calendar,delete_last_letter,last2,1,8,7,1,1,1
calendan,calendar,replace_last_letter,last1,1,8,8,0,1,1
calenda,calendar,delete_last_letter,last1,1,8,7,1,1,1
calendra,calendar,swap_last_two_letters,last2,2,8,8,0,1,1
calengdar,calendar,insert_near_ending,last3,1,8,9,-1,1,1
calendatr,calendar,insert_near_ending,last3,1,8,9,-1,1,1
calendar,calendar,no_typo,none,0,8,8,0,1,0
importznt,important,replace_last_letter,last3,1,9,9,0,1,1
importaqt,important,replace_last_letter,last2,1,9,9,0,1,1
importanv,important,replace_last_letter,last1,1,9,9,0,1,1
importanty,important,insert_near_ending,last3,1,9,10,-1,1,1
importgant,important,insert_near_ending,last3,1,9,10,-1,1,1
favorjte,favorite,replace_last_letter,last3,1,8,8,0,1,1
favorte,favorite,delete_last_letter,last3,1,8,7,1,1,1
favorire,favorite,replace_last_letter,last2,1,8,8,0,1,1
favorie,favorite,delete_last_letter,last2,1,8,7,1,1,1
favoritf,favorite,replace_last_letter,last1,1,8,8,0,1,1
favorit,favorite,delete_last_letter,last1,1,8,7,1,1,1
favoriet,favorite,swap_last_two_letters,last2,2,8,8,0,1,1
favoritoe,favorite,insert_near_ending,last3,1,8,9,-1,1,1
favorited,favorite,insert_near_ending,last3,1,8,9,-1,1,1
favorite,favorite,no_typo,none,0,8,8,0,1,0
interestang,interesting,replace_last_letter,last3,1,11,11,0,1,1
interestng,interesting,delete_last_letter,last3,1,11,10,1,1,1
interestivg,interesting,replace_last_letter,last2,1,11,11,0,1,1
interestig,interesting,delete_last_letter,last2,1,11,10,1,1,1
interestinu,interesting,replace_last_letter,last1,1,11,11,0,1,1
interestin,interesting,delete_last_letter,last1,1,11,10,1,1,1
interestign,interesting,swap_last_two_letters,last2,2,11,11,0,1,1
interestiwng,interesting,insert_near_ending,last3,1,11,12,-1,1,1
interestijng,interesting,insert_near_ending,last3,1,11,12,-1,1,1
interesting,interesting,no_typo,none,0,11,11,0,1,0
restaursnt,restaurant,replace_last_letter,last3,1,10,10,0,1,1
restaurnt,restaurant,delete_last_letter,last3,1,10,9,1,1,1
restauraat,restaurant,replace_last_letter,last2,1,10,10,0,1,1
restaurat,restaurant,delete_last_letter,last2,1,10,9,1,1,1
restauranr,restaurant,replace_last_letter,last1,1,10,10,0,1,1
restauran,restaurant,delete_last_letter,last1,1,10,9,1,1,1
restauratn,restaurant,swap_last_two_letters,last2,2,10,10,0,1,1
restaurantc,restaurant,insert_near_ending,last3,1,10,11,-1,1,1
restauradnt,restaurant,insert_near_ending,last3,1,10,11,-1,1,1
restaurant,restaurant,no_typo,none,0,10,10,0,1,0
documpnt,document,replace_last_letter,last3,1,8,8,0,1,1
documnt,document,delete_last_letter,last3,1,8,7,1,1,1
documedt,document,replace_last_letter,last2,1,8,8,0,1,1
documet,document,delete_last_letter,last2,1,8,7,1,1,1
documenv,document,replace_last_letter,last1,1,8,8,0,1,1
documen,document,delete_last_letter,last1,1,8,7,1,1,1
documetn,document,swap_last_two_letters,last2,2,8,8,0,1,1
documepnt,document,insert_near_ending,last3,1,8,9,-1,1,1
documenqt,document,insert_near_ending,last3,1,8,9,-1,1,1
document,document,no_typo,none,0,8,8,0,1,0
downlxad,download,replace_last_letter,last3,1,8,8,0,1,1
downlad,download,delete_last_letter,last3,1,8,7,1,1,1
downlojd,download,replace_last_letter,last2,1,8,8,0,1,1
downlod,download,delete_last_letter,last2,1,8,7,1,1,1
downloao,download,replace_last_letter,last1,1,8,8,0,1,1
downloa,download,delete_last_letter,last1,1,8,7,1,1,1
downloda,download,swap_last_two_letters,last2,2,8,8,0,1,1
downloadp,download,insert_near_ending,last3,1,8,9,-1,1,1
downlooad,download,insert_near_ending,last3,1,8,9,-1,1,1
download,download,no_typo,none,0,8,8,0,1,0
uplsad,upload,replace_last_letter,last3,1,6,6,0,1,1
uplad,upload,delete_last_letter,last3,1,6,5,1,1,1
uplofd,upload,replace_last_letter,last2,1,6,6,0,1,1
uplod,upload,delete_last_letter,last2,1,6,5,1,1,1
uploan,upload,replace_last_letter,last1,1,6,6,0,1,1
uploa,upload,delete_last_letter,last1,1,6,5,1,1,1
uploda,upload,swap_last_two_letters,last2,2,6,6,0,1,1
uplotad,upload,insert_near_ending,last3,1,6,7,-1,1,1
uplocad,upload,insert_near_ending,last3,1,6,7,-1,1,1
upload,upload,no_typo,none,0,6,6,0,1,0
repositiry,repository,replace_last_letter,last3,1,10,10,0,1,1
repositozy,repository,replace_last_letter,last2,1,10,10,0,1,1
repositorn,repository,replace_last_letter,last1,1,10,10,0,1,1
repositorzy,repository,insert_near_ending,last3,1,10,11,-1,1,1
repositoray,repository,insert_near_ending,last3,1,10,11,-1,1,1
develojer,developer,replace_last_letter,last3,1,9,9,0,1,1
develoer,developer,delete_last_letter,last3,1,9,8,1,1,1
developyr,developer,replace_last_letter,last2,1,9,9,0,1,1
developr,developer,delete_last_letter,last2,1,9,8,1,1,1
developej,developer,replace_last_letter,last1,1,9,9,0,1,1
develope,developer,delete_last_letter,last1,1,9,8,1,1,1
developre,developer,swap_last_two_letters,last2,2,9,9,0,1,1
developere,developer,insert_near_ending,last3,1,9,10,-1,1,1
developerr,developer,insert_near_ending,last3,1,9,10,-1,1,1
developer,developer,no_typo,none,0,9,9,0,1,0
softwqre,software,replace_last_letter,last3,1,8,8,0,1,1
softwre,software,delete_last_letter,last3,1,8,7,1,1,1
softwale,software,replace_last_letter,last2,1,8,8,0,1,1
softwae,software,delete_last_letter,last2,1,8,7,1,1,1
softwarl,software,replace_last_letter,last1,1,8,8,0,1,1
softwar,software,delete_last_letter,last1,1,8,7,1,1,1
softwaer,software,swap_last_two_letters,last2,2,8,8,0,1,1
softwareo,software,insert_near_ending,last3,1,8,9,-1,1,1
softwarge,software,insert_near_ending,last3,1,8,9,-1,1,1
software,software,no_typo,none,0,8,8,0,1,0
hardwxre,hardware,replace_last_letter,last3,1,8,8,0,1,1
hardwre,hardware,delete_last_letter,last3,1,8,7,1,1,1
hardwahe,hardware,replace_last_letter,last2,1,8,8,0,1,1
hardwae,hardware,delete_last_letter,last2,1,8,7,1,1,1
hardwart,hardware,replace_last_letter,last1,1,8,8,0,1,1
hardwar,hardware,delete_last_letter,last1,1,8,7,1,1,1
hardwaer,hardware,swap_last_two_letters,last2,2,8,8,0,1,1
hardwareh,hardware,insert_near_ending,last3,1,8,9,-1,1,1
hardwareb,hardware,insert_near_ending,last3,1,8,9,-1,1,1
hardware,hardware,no_typo,none,0,8,8,0,1,0
netwkrk,network,replace_last_letter,last3,1,7,7,0,1,1
netwrk,network,delete_last_letter,last3,1,7,6,1,1,1
netwoyk,network,replace_last_letter,last2,1,7,7,0,1,1
netwok,network,delete_last_letter,last2,1,7,6,1,1,1
networq,network,replace_last_letter,last1,1,7,7,0,1,1
networ,network,delete_last_letter,last1,1,7,6,1,1,1
netwokr,network,swap_last_two_letters,last2,2,7,7,0,1,1
networkm,network,insert_near_ending,last3,1,7,8,-1,1,1
netwoprk,network,insert_near_ending,last3,1,7,8,-1,1,1
network,network,no_typo,none,0,7,7,0,1,0
databcse,database,replace_last_letter,last3,1,8,8,0,1,1
databse,database,delete_last_letter,last3,1,8,7,1,1,1
databaee,database,replace_last_letter,last2,1,8,8,0,1,1
databae,database,delete_last_letter,last2,1,8,7,1,1,1
databasr,database,replace_last_letter,last1,1,8,8,0,1,1
databas,database,delete_last_letter,last1,1,8,7,1,1,1
databaes,database,swap_last_two_letters,last2,2,8,8,0,1,1
databasde,database,insert_near_ending,last3,1,8,9,-1,1,1
databased,database,insert_near_ending,last3,1,8,9,-1,1,1
database,database,no_typo,none,0,8,8,0,1,0
analyqis,analysis,replace_last_letter,last3,1,8,8,0,1,1
analyis,analysis,delete_last_letter,last3,1,8,7,1,1,1
analysps,analysis,replace_last_letter,last2,1,8,8,0,1,1
analyss,analysis,delete_last_letter,last2,1,8,7,1,1,1
analysia,analysis,replace_last_letter,last1,1,8,8,0,1,1
analysi,analysis,delete_last_letter,last1,1,8,7,1,1,1
analyssi,analysis,swap_last_two_letters,last2,2,8,8,0,1,1
analysnis,analysis,insert_near_ending,last3,1,8,9,-1,1,1
analyscis,analysis,insert_near_ending,last3,1,8,9,-1,1,1
analysis,analysis,no_typo,none,0,8,8,0,1,0
visualizatqon,visualization,replace_last_letter,last3,1,13,13,0,1,1
visualizaton,visualization,delete_last_letter,last3,1,13,12,1,1,1
visualizatiin,visualization,replace_last_letter,last2,1,13,13,0,1,1
visualizatin,visualization,delete_last_letter,last2,1,13,12,1,1,1
visualizatiok,visualization,replace_last_letter,last1,1,13,13,0,1,1
visualizatio,visualization,delete_last_letter,last1,1,13,12,1,1,1
visualizatino,visualization,swap_last_two_letters,last2,2,13,13,0,1,1
visualizationu,visualization,insert_near_ending,last3,1,13,14,-1,1,1
visualizatkion,visualization,insert_near_ending,last3,1,13,14,-1,1,1
visualization,visualization,no_typo,none,0,13,13,0,1,0
probabilwty,probability,replace_last_letter,last3,1,11,11,0,1,1
probabilty,probability,delete_last_letter,last3,1,11,10,1,1,1
probabiliry,probability,replace_last_letter,last2,1,11,11,0,1,1
probabiliy,probability,delete_last_letter,last2,1,11,10,1,1,1
probabilitm,probability,replace_last_letter,last1,1,11,11,0,1,1
probabilit,probability,delete_last_letter,last1,1,11,10,1,1,1
probabiliyt,probability,swap_last_two_letters,last2,2,11,11,0,1,1
probabilituy,probability,insert_near_ending,last3,1,11,12,-1,1,1
probabilityr,probability,insert_near_ending,last3,1,11,12,-1,1,1
probability,probability,no_typo,none,0,11,11,0,1,0
statistbcs,statistics,replace_last_letter,last3,1,10,10,0,1,1
statistcs,statistics,delete_last_letter,last3,1,10,9,1,1,1
statistius,statistics,replace_last_letter,last2,1,10,10,0,1,1
statistis,statistics,delete_last_letter,last2,1,10,9,1,1,1
statisticc,statistics,replace_last_letter,last1,1,10,10,0,1,1
statistic,statistics,delete_last_letter,last1,1,10,9,1,1,1
statistisc,statistics,swap_last_two_letters,last2,2,10,10,0,1,1
statistiucs,statistics,insert_near_ending,last3,1,10,11,-1,1,1
statistichs,statistics,insert_near_ending,last3,1,10,11,-1,1,1
statistics,statistics,no_typo,none,0,10,10,0,1,0
classificatyon,classification,replace_last_letter,last3,1,14,14,0,1,1
classificaticn,classification,replace_last_letter,last2,1,14,14,0,1,1
classificatioo,classification,replace_last_letter,last1,1,14,14,0,1,1
classificatyion,classification,insert_near_ending,last3,1,14,15,-1,1,1
classificatoion,classification,insert_near_ending,last3,1,14,15,-1,1,1
recommendatfon,recommendation,replace_last_letter,last3,1,14,14,0,1,1
recommendaton,recommendation,delete_last_letter,last3,1,14,13,1,1,1
recommendatixn,recommendation,replace_last_letter,last2,1,14,14,0,1,1
recommendatin,recommendation,delete_last_letter,last2,1,14,13,1,1,1
recommendatioj,recommendation,replace_last_letter,last1,1,14,14,0,1,1
recommendatio,recommendation,delete_last_letter,last1,1,14,13,1,1,1
recommendatino,recommendation,swap_last_two_letters,last2,2,14,14,0,1,1
recommendatbion,recommendation,insert_near_ending,last3,1,14,15,-1,1,1
recommendatiozn,recommendation,insert_near_ending,last3,1,14,15,-1,1,1
recommendation,recommendation,no_typo,none,0,14,14,0,1,0
correctbon,correction,replace_last_letter,last3,1,10,10,0,1,1
correcton,correction,delete_last_letter,last3,1,10,9,1,1,1
correctijn,correction,replace_last_letter,last2,1,10,10,0,1,1
correctin,correction,delete_last_letter,last2,1,10,9,1,1,1
correctiol,correction,replace_last_letter,last1,1,10,10,0,1,1
correctio,correction,delete_last_letter,last1,1,10,9,1,1,1
correctino,correction,swap_last_two_letters,last2,2,10,10,0,1,1
correctionn,correction,insert_near_ending,last3,1,10,11,-1,1,1
correctihon,correction,insert_near_ending,last3,1,10,11,-1,1,1
correction,correction,no_typo,none,0,10,10,0,1,0
autocorrrct,autocorrect,replace_last_letter,last3,1,11,11,0,1,1
autocorrct,autocorrect,delete_last_letter,last3,1,11,10,1,1,1
autocorreot,autocorrect,replace_last_letter,last2,1,11,11,0,1,1
autocorret,autocorrect,delete_last_letter,last2,1,11,10,1,1,1
autocorrecs,autocorrect,replace_last_letter,last1,1,11,11,0,1,1
autocorrec,autocorrect,delete_last_letter,last1,1,11,10,1,1,1
autocorretc,autocorrect,swap_last_two_letters,last2,2,11,11,0,1,1
autocorrefct,autocorrect,insert_near_ending,last3,1,11,12,-1,1,1
autocorrecct,autocorrect,insert_near_ending,last3,1,11,12,-1,1,1
autocorrect,autocorrect,no_typo,none,0,11,11,0,1,0
dictionury,dictionary,replace_last_letter,last3,1,10,10,0,1,1
dictionry,dictionary,delete_last_letter,last3,1,10,9,1,1,1
dictionamy,dictionary,replace_last_letter,last2,1,10,10,0,1,1
dictionay,dictionary,delete_last_letter,last2,1,10,9,1,1,1
dictionart,dictionary,replace_last_letter,last1,1,10,10,0,1,1
dictionar,dictionary,delete_last_letter,last1,1,10,9,1,1,1
dictionayr,dictionary,swap_last_two_letters,last2,2,10,10,0,1,1
dictionapry,dictionary,insert_near_ending,last3,1,10,11,-1,1,1
dictionahry,dictionary,insert_near_ending,last3,1,10,11,-1,1,1
dictionary,dictionary,no_typo,none,0,10,10,0,1,0
